"No","イベント名","開始日","終了日","会場","SA部アサイン","コムシスアサイン","対応カテゴリ","概要","URL"
"","第39回 日本内視鏡外科学会総会／WCES 2026","2026/09/02","2026/09/05","パシフィコ横浜","","","その他IT","内視鏡外科・低侵襲手術をテーマとした国際学術集会。医療機器企業の展示も併設され、医工連携や最新医療技術の交流が行われる。","https://site2.convention.co.jp/wces-jses2026/ja/"
"","アクセシビリティカンファレンスCHIBA2026","2026/09/05","2026/09/05","幕張メッセ","","","AI・DX・スマートシティ・自治体DX","企業・自治体・教育機関などが参加し、誰もが利用しやすいデジタル環境づくりをテーマに開催されるカンファレンス。公共分野のデジタル活用とも関連が深い。","https://a11y-chiba.com/2026"
"","日本地域看護学会第29回学術集会","2026/09/05","2026/09/06","幕張メッセ","","","その他IT","日本地域看護学会による学術集会です。関係者と一般の両方を対象としています。","https://jachn29.yupia.net/"
"","国際物流総合展 2026（Logis-Tech Tokyo 2026）","2026/09/08","2026/09/11","東京ビッグサイト","","","AI・DX・ドローン・ロボット","日本最大級の物流・ロジスティクス専門展示会。物流機器、自動化システム、ロボティクス、SCM、物流DX関連技術が集結し、物流現場の効率化・省人化をテーマに商談が行われる。","https://www.logis-tech-tokyo.gr.jp/ltt/"
"","2026大阪国際ライフスタイルショー","2026/09/09","2026/09/11","インテックス大阪","","","IoT・センサ","アジア各国・地域の生活関連製品やスマートプロダクトを紹介する国際商談会。日本市場向けの新製品・技術の発掘を目的とする。","https://zhejiangfair-osaka.com/jp/"
"","2026浙江省輸出商品（大阪）交易会","2026/09/09","2026/09/11","インテックス大阪","","","IoT・センサ","浙江省企業約300社による国際展示商談会。スマートプロダクトや各種産業関連製品を対象としたBtoB展示会。","https://zhejiangfair-osaka.com/jp/zhejiang/"
"","BATTERY JAPAN（国際二次電池展）","2026/09/09","2026/09/11","幕張メッセ","","","IoT・センサ・ドローン・ロボット","EVや蓄電池向けの二次電池技術展示会。研究開発、製造設備、材料、評価装置等が出展される。","https://www.wsew.jp/hub/ja-jp/about/bj.html"
"","CCUS EXPO","2026/09/09","2026/09/11","幕張メッセ","","","スマートシティ・自治体DX","CO₂回収・利用・貯留技術を扱う専門展示会。エネルギー・化学・製造分野向けの脱炭素ソリューションが集まる。","https://www.wsew.jp/hub/ja-jp/about/ccus.html"
"","Foundry Tech + Expo 2026（鋳造産業展）","2026/09/09","2026/09/11","東京ビッグサイト","","","IoT・センサ・ドローン・ロボット","鋳造技術・材料・生産設備を対象とする製造業向け専門展示会。生産効率化や産業機械関連技術の展示が行われる。","https://foundrytechexpo.jp.messefrankfurt.com/tokyo/ja.html"
"","H2 & FC EXPO【秋】（国際水素・燃料電池展）","2026/09/09","2026/09/11","幕張メッセ","","","無線・通信・スマートシティ・自治体DX","水素製造・輸送・利用技術を対象とした専門展示会。脱炭素社会を支えるエネルギーインフラ技術が集まる。","https://www.wsew.jp/hub/ja-jp/about/fc.html"
"","PV EXPO【秋】（国際太陽光発電展）","2026/09/09","2026/09/11","幕張メッセ","","","AI・DX・スマートシティ・自治体DX","太陽光発電システム、関連部材、保守・運用技術を対象とする専門展。エネルギー管理システムなどの関連技術も紹介される。","https://www.wsew.jp/autumn/ja-jp/about/pv.html"
"","SMART GRID EXPO【秋】","2026/09/09","2026/09/11","幕張メッセ","","","無線・通信・AI・DX・IoT・センサ","次世代電力網やEMS、VPPなど電力DX技術の専門展示会。電力・通信・制御技術の融合ソリューションが集まる。","https://www.wsew.jp/hub/ja-jp/about/sg.html"
"","Smart Energy Week【秋】2026","2026/09/09","2026/09/11","幕張メッセ","","","無線・通信","再生可能エネルギー・水素・電池・スマートグリッドなどエネルギー分野の最新技術を扱う国際展示会。インフラ・産業分野との連携も強い。","https://www.wsew.jp/autumn/ja-jp.html"
"","WIND EXPO【秋】（国際風力発電展）","2026/09/09","2026/09/11","幕張メッセ","","","スマートシティ・自治体DX","風力発電設備、洋上風力、保守技術などを扱う専門展示会。インフラ・エネルギー事業者向けの商談展。","https://www.wsew.jp/autumn/ja-jp/lp/wd.html?gad_source=1&gad_campaignid=23971922391&gbraid=0AAAAACzyvagZ_p0SbJOh9zjq_TwuoKVEO"
"","【国際】熱エネルギー展（I-TEX JAPAN）","2026/09/09","2026/09/11","幕張メッセ","","","スマートシティ・自治体DX","熱エネルギーの生成・利用・回収・制御技術に特化した専門展示会。脱炭素・エネルギー効率化に向けた産業・公共インフラ技術が集結する。","https://www.wsew.jp/hub/ja-jp/about/tex.html"
"","オートモーティブワールド【秋】2026","2026/09/09","2026/09/11","幕張メッセ","","","ドローン・ロボット","自動車の先端技術展示会。EV、ADAS、自動運転、車載ソフトなどモビリティ分野の最新技術を網羅する。","https://www.automotiveworld.jp/autumn/ja-jp.html"
"","サステナブル経営WEEK【秋】","2026/09/09","2026/09/11","幕張メッセ","","","AI・DX・スマートシティ・自治体DX","ESG、脱炭素、サーキュラーエコノミー、SCMを対象とする企業向け展示会。自治体や製造業のサステナビリティ推進担当者も来場する。","https://www.decarbonization-expo.jp/autumn/ja-jp.html"
"","サーモテック2026（国際工業炉・関連機器展）","2026/09/09","2026/09/11","東京ビッグサイト","","","IoT・センサ","工業炉、熱処理装置、加熱設備などを対象とした産業技術展示会。製造プロセス高度化や省エネルギー技術が集まる。","https://thermotec.jp.messefrankfurt.com/tokyo/ja.html"
"","スマート工場EXPO【秋】2026","2026/09/09","2026/09/11","幕張メッセ","","","IoT・センサ","IoT・AIによる工場の見える化・自動化をテーマとした専門展示会。生産管理・設備監視・データ活用などの最新技術が展示される。","https://www.fiweek.jp/autumn/ja-jp/about/sfe.html"
"","ネプコンジャパン【秋】2026","2026/09/09","2026/09/11","幕張メッセ","","","IoT・センサ","電子部品・半導体・実装技術などの開発・製造技術を扱う専門展。検査・測定装置や材料技術の展示・商談が行われる。","https://www.nepconjapan.jp/autumn/ja-jp.html"
"","ファクトリーイノベーションWeek【秋】2026","2026/09/09","2026/09/11","幕張メッセ","","","AI・DX","スマート工場・ロボット・生産DXなど製造業の革新をテーマにした大規模展示会。IoT・AI・自動化技術による工場高度化を網羅。","https://www.fiweek.jp/autumn/ja-jp.html"
"","フードストアソリューションズフェア2026","2026/09/09","2026/09/10","インテックス大阪","","","AI・DX・ドローン・ロボット","流通・小売業向けの課題解決型展示会。食品流通、店舗運営、自動化、省人化、物流改善ソリューションの提案が行われる。","https://www.foodstore-s.jp/"
"","ロボデックス【秋】2026","2026/09/09","2026/09/11","幕張メッセ","","","ドローン・ロボット","製造・物流現場で活用されるロボット技術を紹介する専門展。AGV/AMRなど省人化・自動化技術の実演展示が行われる。","https://www.fiweek.jp/autumn/ja-jp/about/robo.html"
"","自動認識総合展","2026/09/09","2026/09/11","東京ビッグサイト","","","IoT・センサ","RFID、バーコード、生体認証などの自動認識技術に特化。流通・製造分野のデジタル化を支える技術を紹介。","https://www.jima-show.jp/"
"","製造業カーボンニュートラル展【秋】2026","2026/09/09","2026/09/11","幕張メッセ","","","その他IT","工場の省エネ・脱炭素化をテーマとした展示会。エネルギー効率化や環境対応製品など製造業の持続可能化技術を紹介する。","https://www.fiweek.jp/autumn/ja-jp/about/gfe.html"
"","SICE FESTIVAL 2026 WITH ANNUAL CONFERENCE","2026/09/14","2026/09/17","パシフィコ横浜","","","AI・DX・IoT・センサ・ドローン・ロボット","計測自動制御学会（SICE）が開催する国際会議。計測、制御、システム工学分野の研究発表や技術展示が行われ、産業DXやロボティクス関連技術が集まる。","https://sicefes26.sice.jp/"
"","FORESTRISE 2026","2026/09/16","2026/09/18","東京ビッグサイト","","","スマートシティ・自治体DX","林業・森林産業に関する展示会。スマート林業、機械化・自動化技術など、持続可能な資源活用とインフラ管理に関わる技術展示が行われる。","https://www.forestrise.jp/"
"","INTERMEASURE 2026","2026/09/16","2026/09/18","東京ビッグサイト","","","IoT・センサ","計測機器・センサ技術に関する専門展。各種測定・計量技術、データ取得・解析関連製品が展示され、産業分野の精度向上を支援。","https://intermeasure.org/"
"","JIMA 2026（計測展）","2026/09/16","2026/09/18","東京ビッグサイト","","","IoT・センサ","計測・検査・分析機器の専門展示会。製造業や研究分野向けの精密測定技術・検査装置が集まり、高度な品質管理ソリューションを提供。","https://www.jima-show.jp/"
"","SENSOR EXPO JAPAN","2026/09/16","2026/09/18","東京ビッグサイト","","","IoT・センサ","センシング技術とデータ活用をテーマとした専門展。IoT・AIと連携した計測技術の最新動向を紹介。","https://www.sensorexpojapan.com/"
"","バックオフィスAIエージェント EXPO【東京】","2026/09/16","2026/09/18","東京ビッグサイト","","","AI・DX","バックオフィス業務のAI活用・自動化に特化した専門展。生成AI、AIエージェント、社内LLM、RAGなどのソリューションが集まる。","https://www.office-expo.jp/hub/ja-jp/about/ai.html"
"","国際ウエルディングショー","2026/09/16","2026/09/19","東京ビッグサイト","","","ドローン・ロボット","溶接・接合技術の専門展示会。ロボット溶接や自動化技術など製造現場の高度化を支援する技術が集結。","https://weldingshow.jp/2026/"
"","地盤技術フォーラム 2026","2026/09/16","2026/09/18","東京ビッグサイト","","","スマートシティ・自治体DX","地盤改良、基礎工、土壌浄化、災害対策技術などを扱う専門展示会群で構成。社会インフラ整備や防災・減災分野の最新技術が集まる。","https://www.sgrte.jp/"
"","第35回 2026知財・情報フェア＆コンファレンス","2026/09/16","2026/09/18","東京ビッグサイト","","","AI・DX","知財情報の活用・分析をテーマにした専門展示会。データベース、解析ツール、AI活用による知財戦略支援などが紹介される。","https://pifc.jp/"
"","第6回 CareTEX札幌'26","2026/09/16","2026/09/17","アクセスサッポロ","","","ドローン・ロボット","介護施設・介護事業者向けの商談展示会。介護ロボット、見守りシステム、介護ICT、リハビリ機器などが集まる。","https://sapporo.caretex.jp/"
"","総務・人事・経理Week【東京】2026（構成展：HR EXPO、働き方改革EXPO 等）","2026/09/16","2026/09/18","東京ビッグサイト","","","AI・DX","バックオフィス部門の業務改革をテーマとした日本最大級の展示会。AIやRPA、業務自動化ツールなどが集結し、企業のDX推進を支援する。","https://www.office-expo.jp/tokyo/ja-jp.html"
"","関西グランドフェア2026","2026/09/17","2026/09/18","インテックス大阪","","","AI・DX・セキュリティ・ドローン・ロボット","ユアサやまずみ会主催の産業総合展示会。工作機械、FA・ロボット、セキュリティ、製造DX、省人化・省エネ技術など現場課題解決に向けた製品・ソリューションが展示される。","https://grandfair.jp/gf2026/venue/kansai/"
"","新・農業人フェア 農業EXPO","2026/09/23","2026/09/23","東京国際フォーラム","","","AI・DX","新たに農業を始めたい方向けの総合フェアです。就農に関する情報提供や相談ブース、農業機械・技術の展示などが行われます。","https://agri.mynavi.jp/shin-nogyojin/"
"","ツーリズムEXPOジャパン2026","2026/09/24","2026/09/27","東京ビッグサイト","","","AI・DX・スマートシティ・自治体DX","日本最大級の総合観光イベントで、国内外の観光・地域・自治体・交通などの関係者が集結する。観光ビジネスとデジタル技術の融合や地域活性化をテーマに、商談と情報発信の場を提供する。","https://www.t-expo.jp/"
"","トラベルソリューション展2026 （ツーリズムEXPO内）","2026/09/24","2026/09/25","東京ビッグサイト","","","AI・DX","観光業界向けDX・ITソリューションに特化した商談型展示会。AI・IoT・Wi-Fi・位置情報などを活用した観光サービスの高度化技術を扱う。","https://www.t-expo.jp/biz/travel_solutions2026"
"","未来をつくるテクノロジー展 日経クロステックNEXT 東京 2026（AIリーダーズEXPO／DXソリューションEXPO／情報セキュリティーNEXT／製造業の将来技術EXPO／建設DX EXPO）","2026/09/29","2026/09/30","東京国際フォーラム","","","AI・DX・セキュリティ","日経BP主催の技術総合展。AI、DX、情報セキュリティ、製造、建設の5分野で構成され、企業のデジタル活用や先端技術導入をテーマとする。","https://events.nikkeibp.co.jp/xtechnext/2026tky/ad/"
"","COSME Week 大阪 2026（構成展総称）","2026/09/30","2026/10/02","インテックス大阪","","","その他IT","化粧品開発・原料・OEM・容器などを網羅する総合展示会。製造技術、研究機器、物流・販促まで化粧品産業のバリューチェーン全体をカバーする。","https://www.cosme-week.jp/osaka/ja-jp.html"
"","FINETECH JAPAN 2026（高機能素材 Week 同時開催）","2026/09/30","2026/10/02","幕張メッセ","","","IoT・センサ・映像・放送","ディスプレイ産業向けの専門展示会。表示デバイス、製造装置、検査・評価技術などが集まり、映像機器や電子デバイス関連のサプライチェーン企業が来場する。高機能素材 Weekと同時開催。","https://www.material-expo.jp/tokyo/ja-jp/visit/ftj.html"
"","FOOD STYLE JAPAN 2026〈東京〉","2026/09/30","2026/10/02","東京ビッグサイト","","","AI・DX","食品メーカー・外食・小売向けの総合商談展。食品製造設備、流通・物流ソリューション、経営支援DXなどが集まり、食品業界の効率化・DX推進を支援する。","https://foodstyle.jp/tokyo/"
"","Photonix（光・レーザー技術展）","2026/09/30","2026/10/02","幕張メッセ","","","無線・通信・IoT・センサ","光学部品、レーザー加工、光計測・分析技術などを扱う専門展示会。製造業、研究開発、半導体分野向けの先端フォトニクス技術が集まる。","https://www.material-expo.jp/tokyo/ja-jp/visit/photo.html"
"","RISCON TOKYO 2026","2026/09/30","2026/10/02","東京ビッグサイト","","","AI・DX・セキュリティ・ドローン・ロボット・スマートシティ・自治体DX","危機管理・防災・減災・BCPをテーマとする国内最大級の総合トレードショー。セキュリティ対策や災害対応技術、ドローン活用などを紹介する。","https://www.kikikanri.biz/"
"","インターフェックス","2026/09/30","2026/10/02","インテックス大阪","","","IoT・センサ","医薬品・化粧品向け 製造・包装技術が一堂に出展！","https://www.interphex.jp/osaka/ja-jp/about/ipjk.html"
"","インターフェックス Week 大阪 2026 (再生医療EXPO 大阪 2026)","2026/09/30","2026/10/02","インテックス大阪","","","その他IT","医薬品・化粧品・再生医療の研究・製造技術を扱う専門展。製造設備・検査・品質管理など医療・製薬業界の先端技術が集まる。","https://www.interphex.jp/osaka/ja-jp.html"
"","テロ対策特殊装備展（SEECAT）’26","2026/09/30","2026/10/02","東京ビッグサイト","","","セキュリティ・スマートシティ・自治体DX","国内唯一のテロ対策専門展示会。治安機関や重要インフラ関係者向けに対テロ・警備関連の装備、技術、ソリューションを展示する。","https://www.seecat.biz/"
"","ファーマDX EXPO 大阪","2026/09/30","2026/10/02","インテックス大阪","","","AI・DX・セキュリティ","医薬品業界向けDX専門展。研究開発、製造、品質保証、営業・マーケティング分野のデジタル化やAI活用、データ管理、システム連携ソリューションを紹介する。","https://www.interphex.jp/osaka/ja-jp.html"
"","マテリアルDX展","2026/09/30","2026/10/02","幕張メッセ","","","AI・DX","材料メーカー向けのDX専門展示会。マテリアルズ・インフォマティクス、AI活用、化学物質管理、在庫管理、営業支援など研究開発から物流までを対象としたDXソリューションを展示する。","https://www.material-expo.jp/hub/ja-jp/exhibit/dx.html"
"","ラーメン産業展","2026/09/30","2026/10/02","東京ビッグサイト","","","IoT・センサ","国内最大級のラーメン業界専門商談展示会です。麺や原材料、調理器具、厨房設備、店舗設備、FC加盟募集など、ラーメン産業に関わるあらゆる製品・サービスが出展されます。食品・生活産業バイヤーや食品製造業者、卸売業者、小売業者、サービス事業者などが来場対象です。","https://ramenexpo.jp/tokyo.php?gad_source=1&gad_campaignid=24059779103&gbraid=0AAAABAqQHSx41P_4PClNAQXvVBGHv8bUf"
"","リサイクルテック ジャパン 2026","2026/09/30","2026/10/02","幕張メッセ","","","AI・DX・スマートシティ・自治体DX","資源循環やリサイクル技術に関する専門展示会。製造業の循環型経済への対応や資源再利用技術、関連設備・システムを対象とし、高機能素材 Weekと同時開催される。","https://www.material-expo.jp/tokyo/ja-jp/visit/rtj.html"
"","九州半導体産業展","2026/09/30","2026/10/01","マリンメッセ福岡","","","IoT・センサ","半導体の設計・製造・検査・材料などを扱う産業特化展示会。製造装置や検査・測定関連技術を中心に、半導体産業のサプライチェーンが集結する。","https://k-semi.jp/"
"","九州次世代エネルギー展","2026/09/30","2026/10/01","マリンメッセ福岡","","","無線・通信","再生可能エネルギー・水素・蓄電などを扱う専門展示会。エネルギー関連の制御・監視・通信技術などインフラ領域との連携が強い。","https://www.k-ene.jp/"
"","健康博覧会【秋】","2026/09/30","2026/10/02","東京ビッグサイト","","","その他IT","健康商材・サービスが一堂に集う商談展示会。ビジネス向けに特化。","https://www.this.ne.jp/"
"","再生医療 EXPO 大阪","2026/09/30","2026/10/02","インテックス大阪","","","IoT・センサ","再生医療・細胞研究に必要な研究機器、分析装置、培養設備、輸送・保管サービスなどが集まる西日本最大級の専門展示会。医薬・バイオ関連研究者やメーカーが来場する。","https://www.interphex.jp/osaka/ja-jp/about/rmk.html"
"","建設DX EXPO 2026","2026/09/30","2026/10/02","東京ビッグサイト","","","無線・通信","建設・土木分野のDX、ICT施工、現場効率化技術を展示。","https://www.bizcrew.jp/lp/cp10?gad_source=1&gad_campaignid=24215802625&gbraid=0AAAABECrBDOkkeAnk_Q_AHUpY7L7Md4fV"
"","建設・建築DX EXPO（産業DX総合展内）","2026/09/30","2026/10/02","東京ビッグサイト","","","無線・通信・AI・DX・ドローン・ロボット","建設業・建築業向けDX専門展。BIM/CIM、施工管理、測量ドローン、ICT施工などの最新技術が集結する。","https://www.bizcrew.jp/expo/industrial-dx-tokyo-construction"
"","物流DX EXPO（産業DX総合展内）","2026/09/30","2026/10/02","東京ビッグサイト","","","AI・DX・ドローン・ロボット","運輸・物流現場の省人化や自動化に特化した専門展。AGV、AMR、自動倉庫、配送最適化ソリューションなどを紹介する。","https://www.bizcrew.jp/expo/industrial-dx-tokyo-logistics"
"","産業DX総合展","2026/09/30","2026/10/02","東京ビッグサイト","","","AI・DX","製造・建設・物流など産業全体のDXをテーマにした総合展示会。各業界のデジタル改革ソリューションを横断的に紹介。","https://www.bizcrew.jp/expo/industrial-dx-tokyo"
"","第10回 接着・接合 EXPO","2026/09/30","2026/10/02","幕張メッセ","","","IoT・センサ","接着・接合技術に特化した専門展示会。","https://www.material-expo.jp/tokyo/ja-jp/visit/joi.html"
"","第11回 高機能セラミックス展 CERAMIC JAPAN","2026/09/30","2026/10/02","幕張メッセ","","","IoT・センサ","高機能セラミックス製品や製造技術を紹介する展示会。","https://www.material-expo.jp/tokyo/ja-jp/visit/cera.html"
"","第13回 高機能 金属展 METAL JAPAN","2026/09/30","2026/10/02","幕張メッセ","","","IoT・センサ","高機能金属の加工技術や製品に関する展示会。","https://www.material-expo.jp/tokyo/ja-jp/visit/metal.html"
"","第15回 高機能プラスチック開発・製造展","2026/09/30","2026/10/02","幕張メッセ","","","IoT・センサ","高機能プラスチックに関する専門展示会。","https://www.material-expo.jp/tokyo/ja-jp/visit/pla.html"
"","第17回 高機能フィルム展 FILMTECH JAPAN","2026/09/30","2026/10/02","幕張メッセ","","","AI・DX・IoT・センサ","高機能フィルムの技術と製品に特化した展示会。","https://www.material-expo.jp/tokyo/ja-jp/visit/film.html"
"","第1回 [次世代]乾燥プロセス展 -ドライテック-","2026/09/30","2026/10/02","幕張メッセ","","","AI・DX・IoT・センサ","次世代の乾燥プロセス技術に焦点を当てた専門展示会。","https://www.material-expo.jp/tokyo/ja-jp/visit/dry.html"
"","第1回 猛暑テック -猛暑対策テクノロジー展-","2026/09/30","2026/10/02","幕張メッセ","","","AI・DX","猛暑対策のための最新テクノロジーを集めた展示会。","https://www.material-expo.jp/tokyo/ja-jp/visit/ehc.html"
"","第1回 高機能マテリアル展","2026/09/30","2026/10/02","幕張メッセ","","","IoT・センサ","多岐にわたる高機能マテリアル技術を紹介する展示会。","https://www.material-expo.jp/tokyo/ja-jp/visit/mate.html"
"","第2回 食品安全・衛生イノベーション展 大阪","2026/09/30","2026/10/02","インテックス大阪","","","AI・DX・IoT・センサ・セキュリティ","食品工場における品質管理・衛生管理・監視システムを対象とする専門展示会。AI画像検査や監視ソリューションなどが出展する。","https://www.foodtechjapan.jp/osaka/ja-jp/about/fhi.html"
"","第3回 素材工場の脱炭素化展 Green Process Japan","2026/09/30","2026/10/02","幕張メッセ","","","IoT・センサ","素材工場の脱炭素化を推進する技術とソリューションの展示会。","https://www.material-expo.jp/tokyo/ja-jp/visit/gpj.html"
"","第5回 食品工場Week 大阪","2026/09/30","2026/10/02","インテックス大阪","","","AI・DX・IoT・センサ・ドローン・ロボット","食品工場向けの自動化・省人化技術を集めた展示会。搬送ロボット、AGV、IoT監視システム、製造DXソリューションが展示される。","https://www.foodtechjapan.jp/osaka/ja-jp.html"
"","第5回 食品工場の自動化・DX展 大阪（FoodTech Japan）","2026/09/30","2026/10/02","インテックス大阪","","","AI・DX・IoT・センサ・ドローン・ロボット","食品製造現場の自動化・デジタル化に特化した専門展示会。生産効率向上や人手不足対策を支援する技術が集まる。","https://www.foodtechjapan.jp/osaka/ja-jp/about/ftech.html"
"","第6回 ファーマラボ EXPO 大阪","2026/09/30","2026/10/02","インテックス大阪","","","AI・DX・IoT・センサ","医薬品研究開発向けの分析機器・試験装置・ラボ設備が集結する専門展示会。研究DXや自動化技術も主要テーマとなっている。","https://www.interphex.jp/osaka/ja-jp/about/prdk.html"
"","第9回 塗料・塗装設備展 COATING JAPAN","2026/09/30","2026/10/02","幕張メッセ","","","IoT・センサ","塗料、塗装設備、コーティング技術に関する専門展示会。","https://www.material-expo.jp/tokyo/ja-jp/visit/coat.html"
"","製造業DX EXPO 2026 夏 東京","2026/09/30","2026/10/02","東京ビッグサイト","","","AI・DX","製造業向けのデジタル化・自動化ソリューションを集めた専門展示会。スマートファクトリーやデータ活用技術を紹介する。","https://www.bizcrew.jp/expo/industrial-dx-tokyo-manufacturing"
"","食品包装資材＆機械展","2026/09/30","2026/10/02","東京ビッグサイト","","","IoT・センサ","製造から流通までを見据えた食品包装資材と機械の製品・サービスが集結する専門展示会です。","https://foodpackaging.jp/"
"","食品物流＆3PL総合展 2026","2026/09/30","2026/10/02","東京ビッグサイト","","","AI・DX","食品物流に特化した専門展示会。温度管理、配送最適化、自動化、省人化、3PLサービスなど食品物流の課題解決に向けた技術を紹介する。","https://foodlogi.jp/"
"","高機能素材 Week 2026（幕張）","2026/09/30","2026/10/02","幕張メッセ","","","その他IT","機能性フィルム・樹脂・金属・セラミックスなど先端素材技術を扱う国際展示会。製造業の高度化・軽量化・環境対応に向けた材料技術が集結する。","https://www.material-expo.jp/"
"","BioJapan","2026/10/07","2026/10/09","パシフィコ横浜","","","その他IT","バイオビジネスにおけるアジア最大のパートナリングイベントです。","https://jcd-expo.jp/jp/"
"","Epson Value Creation Fair 2026","2026/10/07","2026/10/07","本館展示場C","","","AI・DX","Epson Value Creation Fair 2026は、夢メッセみやぎの本館展示場Cで開催されるエプソン主催の展示会です。エプソンの最新技術や、ビジネスの多様な課題を解決するための各種ソリューションを発見し、実際に体験できるイベントとなっています。来場には事前登録が必要で、企業のIT活用や業務効率化に役立つ情報が得られます。","https://www.epson.jp/ec/event/evf/"
"","FaW TOKYO ファッション ワールド 東京 - ファッションテック EXPO 秋","2026/10/07","2026/10/09","東京ビッグサイト","","","AI・DX・IoT・センサ","日本最大のファッション展FaW TOKYO内で開催されるアパレル・雑貨業界向けのIT・DX専門展です。AI活用、EC売上アップ、アパレルDX、需要予測、在庫管理システム、バーチャル試着など、業界の未来を担うファッションテックが集結し、経営者やデジタル戦略担当者の商談の場となっています。","https://www.fashion-tokyo.jp/autumn/ja-jp/about/fdx.html"
"","FaW TOKYO（ファッション ワールド 東京） - ファッション業界向けDXソリューション展","2026/10/07","2026/10/09","東京ビッグサイト","","","AI・DX","ファッション業界に特化したDXソリューション、EC支援、次世代店舗向けシステムなどのITサービスが一堂に出展する専門展です。生成AIを活用したデザイン・パターン作成や、気象情報に基づく商品需要予測、最新のECプラットフォームなど、アパレル業務の課題を解決する先進的なテクノロジーやデジタルツールが集結し、企業の効率化やビジネス拡大を強力にサポートします。","https://www.fashion-tokyo.jp/autumn/ja-jp.html"
"","FaW TOKYO（ファッション ワールド 東京）秋 2026","2026/10/07","2026/10/09","東京ビッグサイト","","","AI・DX","日本最大級のファッション業界向けBtoB展示会。ファッションテック、EC、DXソリューション、OEM・ODM、サプライチェーン関連サービスも出展対象となる。","https://www.fashion-tokyo.jp/autumn/ja-jp.html"
"","GARDEX（国際 ガーデン＆アウトドア EXPO）","2026/10/07","2026/10/09","幕張メッセ","","","その他IT","園芸用品、エクステリア、アウトドア関連製品を対象とした国際商談展。ホームセンターや園芸業界向けの製品・設備が多数出展する。","https://www.gardex.jp/"
"","H.C.R.2026 第53回国際福祉機器展＆フォーラム","2026/10/07","2026/10/09","東京ビッグサイト","","","ドローン・ロボット・スマートシティ・自治体DX","アジア最大級の福祉機器展示会。介護ロボット、リハビリ機器、支援技術などが集まり、高齢者・障害者の自立支援や福祉現場のDXに関する情報発信も行われる。","https://exhibition.aloha-group.jp/exhibitions/237"
"","Keysight World","2026/10/07","2026/10/07","パシフィコ横浜","","","無線・通信・AI・DX","9つのテクノロジートラックで、最新の技術動向やソリューションをご紹介します。トラック一覧 6G×AI｜航空宇宙／防衛｜光電融合／AIインターコネクト｜AIネットワーク｜オートモーティブ｜高速デジタル｜次世代パワー技術｜量子技術｜材料／ミリ波","https://www.keysight.com/jp/ja/events/japan/keysight-world-tech-days.html?elq_cid=13301857&cmpid=ELQ-39508"
"","Security Days Fall 2026","2026/10/07","2026/10/29","ACU札幌","","","セキュリティ","2026年で初開催から14年目を迎える情報セキュリティの専門イベント。春と秋の年2回開催され、セキュリティ対策の最新動向を共有する。","https://f2ff.jp/event/secd"
"","TOOL JAPAN 2026","2026/10/07","2026/10/09","幕張メッセ","","","その他IT","工具・作業用品・安全用品に関する専門展示会。建設、製造、設備保全、整備関連事業者向けの最新機器・ソリューションが集まる。","https://www.tooljapan.jp/ja-jp.html"
"","healthTECH JAPAN","2026/10/07","2026/10/09","パシフィコ横浜","","","AI・DX","ヘルスケアとデジタルテクノロジー・データの融合をコンセプトとした展示会です。未病・健康・診断・新薬開発に寄与する総合ソリューションが紹介されます。※リンクはBioJapan 2026と同じ","https://jcd-expo.jp/jp/"
"","ものづくりODM/EMS展","2026/10/07","2026/10/09","インテックス大阪","","","IoT・センサ","製造委託・開発パートナーに出会える展示会です。ものづくり企業の課題解決を支援する多様なサービスが紹介されます。","https://www.manufacturing-world.jp/hub/ja-jp/about/odm.html"
"","インフラ検査・維持管理・更新展","2026/10/07","2026/10/08","アクセスサッポロ","","","IoT・センサ・スマートシティ・自治体DX","道路・橋梁・上下水道・通信設備などの維持管理技術を紹介する専門展示会。インフラ点検や予防保全に関する最新技術が集まる。","https://www.jma.or.jp/toshiken/hkd/index.php"
"","クリニックEXPO","2026/10/07","2026/10/09","幕張メッセ","","","その他IT","クリニック院長や医師と直接つながる、クリニック向けの日本最大の展示会です。最新の医療機器やサービスが紹介されます。","https://www.medical-jpn.jp/hub/ja-jp/lp/cli.html?co=tokyo_fv"
"","スマートメンテナンス展［大阪］","2026/10/07","2026/10/09","インテックス大阪","","","AI・DX・IoT・センサ","設備保全や予知保全に関する製品・サービスを扱う専門展。IoTセンサやAI分析を活用した設備管理技術を紹介する。","https://www.manufacturing-world.jp/hub/ja-jp/about/maintenance.html"
"","スマート農業EXPO 2026 (農業WEEK内展示)","2026/10/07","2026/10/09","幕張メッセ","","","IoT・センサ・ドローン・ロボット","農業の省力化・自動化を支援する専門展示会。農業ロボット、ドローン、センシング技術などを展示する。","https://www.jagri-global.jp/hub/ja-jp/about/agritech.html"
"","ファッションテック EXPO 秋 2026","2026/10/07","2026/10/09","東京ビッグサイト","","","AI・DX","アパレル業界向けIT・DX専門展。需要予測、データ分析、EC最適化、生成AI活用などを扱う。","https://www.fashion-tokyo.jp/autumn/ja-jp/about/fdx.html"
"","フィジカルAI展［大阪］","2026/10/07","2026/10/09","インテックス大阪","","","AI・DX・IoT・センサ・ドローン・ロボット","2026年新設。AIロボティクス、知覚・センシング技術、制御プラットフォームなど、実世界と連携するAI技術に特化した専門展示会。","https://www.manufacturing-world.jp/hub/ja-jp/about/physicalai.html"
"","マーケティングWeek【秋】","2026/10/07","2026/10/09","東京ビッグサイト","","","AI・DX","マーケティング、デジタル広告、営業DX、CRM、CX向上など9つの専門展で構成される総合展示会。データ活用やAIを活用したマーケティング関連ソリューションが集結する。","https://www.marketing-week.jp/"
"","メディカル ジャパン（医療・介護・薬局 Week）","2026/10/07","2026/10/09","幕張メッセ","","","AI・DX・ドローン・ロボット","病院、クリニック、介護施設、薬局向けの製品・サービスが集まる総合展示会。医療DXや介護ロボット、業務効率化ソリューションなどを中心に展示される。","https://www.medical-jpn.jp/tokyo/ja-jp.html?co=hubtop"
"","ライフスタイル Week【秋】","2026/10/07","2026/10/09","東京ビッグサイト","","","AI・DX・スマートシティ・自治体DX","インバウンド向けグッズ、推し活、OEM、雑貨などを対象とした商談展。AIマッチング機能やインバウンド市場向け商材が特徴で、観光・小売関連企業の来場が見込まれる。","https://www.lifestyle-expo.jp/autumn/ja-jp.html"
"","北海道 建設開発総合展","2026/10/07","2026/10/08","アクセスサッポロ","","","AI・DX","北海道を日本一の都市にするための建設技術が結集する展示会です。","https://www.jma.or.jp/toshiken/hkd/outline/disaster_index.php"
"","北海道 災害リスク対策推進展","2026/10/07","2026/10/08","アクセスサッポロ","","","スマートシティ・自治体DX","防災・減災対策に関する製品やサービスを集めた専門展示会。自治体やインフラ事業者向けの災害対応ソリューションを紹介する。","https://toshiken.jma.or.jp/hkd/outline/disaster_index.php"
"","北海道エネルギー技術革新EXPO","2026/10/07","2026/10/08","アクセスサッポロ","","","AI・DX","エネルギー産業を進めていくための技術が全国から集結した展示会です。","https://toshiken.jma.or.jp/hkd/outline/energy_index.php"
"","医療DX EXPO","2026/10/07","2026/10/09","幕張メッセ","","","AI・DX","日本最大級の医療DX専門展示会です。最新のデジタル技術を用いた医療ソリューションが集結します。","https://www.medical-jpn.jp/hub/ja-jp/lp/dx.html?co=hub_fv"
"","工場設備・備品展","2026/10/07","2026/10/09","インテックス大阪","","","AI・DX","工場で使われる設備、備品を集めた展示会です。","https://www.manufacturing-world.jp/hub/ja-jp/about/factex.html"
"","未病・予防・健康EXPO","2026/10/07","2026/10/09","幕張メッセ","","","AI・DX","未病・予防をビジネスとして展開したい企業向け商談型展示会。","https://www.medical-jpn.jp/hub/ja-jp/lp-inv/hea.html"
"","次世代薬局EXPO","2026/10/07","2026/10/09","幕張メッセ","","","AI・DX","薬局の意思決定層とつながる商談型展示会。","https://www.medical-jpn.jp/hub/ja-jp/lp-inv/pha.html"
"","第11回 次世代 農業経営EXPO","2026/10/07","2026/10/09","幕張メッセ","","","AI・DX・IoT・センサ","農業経営の効率化・デジタル化を支援する製品・サービスの専門展。","https://www.jagri-global.jp/hub/ja-jp/about/agribusiness.html"
"","第19回 デジタルマーケティング強化 EXPO -秋-","2026/10/07","2026/10/09","東京ビッグサイト","","","AI・DX","広告運用、SEO・AIO対策、MA・CRM、動画活用などのソリューションが集う商談展です。デジタルマーケティング戦略の強化を支援します。※リンクはマーケティングWeek 秋 2026と同じ","https://www.marketing-week.jp/autumn/ja-jp.html"
"","第1回 土木・建設DX／システム／ツール展","2026/10/07","2026/10/08","アクセスサッポロ","","","無線・通信・AI・DX・ドローン・ロボット","土木・建設業界向けDX、システム、業務効率化ツールを集めた専門展示会。","https://toshiken.jma.or.jp/hkd/index.php?_gl=1%2A1wrugds%2A_ga%2AMTYzNzgyNzg3Ny4xNzc5Njc2MDY0%2A_ga_W8424K5L70%2AczE3OTAyMzQ0MjgkbzIkZzEkdDE3OTAyMzQ0NTYkajMyJGwwJGgw"
"","第1回 畜産 予防・衛生EXPO","2026/10/07","2026/10/09","幕張メッセ","","","IoT・センサ","畜産の衛生管理・モニタリング技術をテーマとする専門展。","https://www.jagri-global.jp/hub/ja-jp/about/livestockhealth.html"
"","第23回 アジアの縫製・生産工場 EXPO 秋","2026/10/07","2026/10/09","東京ビッグサイト","","","その他IT","アジア各国のOEM・生産工場が出展する国際商談展。生産管理や国際物流に関する提案も行われる。","https://www.fashion-tokyo.jp/autumn/ja-jp/about/oem.html"
"","第23回 生地・素材 EXPO 秋","2026/10/07","2026/10/09","東京ビッグサイト","","","その他IT","世界各国の素材メーカーが集まる展示会。高機能繊維や新素材など製造業向けの素材技術が紹介される。","https://www.fashion-tokyo.jp/autumn/ja-jp/about/textile.html"
"","第29回 ものづくり ワールド［大阪］","2026/10/07","2026/10/09","インテックス大阪","","","AI・DX・IoT・センサ・セキュリティ・ドローン・ロボット","西日本最大級の製造業展示会。製造業DX、計測・検査・センサ、スマート工場、産業用AI、ロボットなどを網羅し、製造現場の高度化を支援する。","https://www.manufacturing-world.jp/osaka/ja-jp.html"
"","第2回 医療DX EXPO【東京】","2026/10/07","2026/10/09","幕張メッセ","","","AI・DX・セキュリティ・ドローン・ロボット","日本最大級の医療DXの専門展示会。人工知能(AI)診断支援、デジタルヘルス、ロボット・RPA、遠隔医療、電子カルテ、サイバー攻撃対策ツールなどが出展。病院・クリニックなどの医療機関が多数来場します。","https://www.medical-jpn.jp/tokyo/ja-jp.html"
"","第30回 ブランド＆デザイナー EXPO 秋","2026/10/07","2026/10/09","東京ビッグサイト","","","AI・DX","国内外ブランドと流通・小売企業との商談を目的とする展示会。ファッション業界のデジタル活用や販路開拓の場として利用される。","https://www.fashion-tokyo.jp/autumn/ja-jp/about/ifa.html"
"","第30回 日本のファッション輸出EXPO 秋","2026/10/07","2026/10/09","東京ビッグサイト","","","AI・DX","日本ブランドの海外展開を支援する専門展示会。越境取引や海外販路開拓、サプライチェーンなど国際物流に関わる企業も参加する。","https://www.fashion-tokyo.jp/autumn/ja-jp/about/jfa.html"
"","第4回 農業 脱炭素・SDGs EXPO","2026/10/07","2026/10/09","幕張メッセ","","","IoT・センサ","農業現場の脱炭素化・効率化技術を集めた専門展。","https://www.jagri-global.jp/hub/ja-jp/about/agrigreen.html"
"","第7回 健康・美容・機能性ウェア EXPO 秋","2026/10/07","2026/10/09","東京ビッグサイト","","","その他IT","ウェアラブル技術や高機能繊維を活用した機能性衣料を扱う展示会。健康管理やスポーツ用途の製品が多数出展する。","https://www.fashion-tokyo.jp/autumn/ja-jp/about/wef.html"
"","第7回 北海道 建設開発総合展 - 第1回 土木・建設DX/システム/ツール展","2026/10/07","2026/10/08","アクセスサッポロ","","","AI・DX・IoT・センサ","北海道で開催される建設開発総合展の構成展であり、土木・建設分野におけるDX推進やシステム、ツールに特化した展示会です。BIM/CIM関連製品、ロボット、AR/VR、遠隔作業支援、CADや解析ソフトウェアなど、現場の効率化や課題解決につながる最新のIT技術や製品が一堂に会します。業界関係者による活発な商談や情報交換が行われる場となっています。","https://toshiken.jma.or.jp/hkd/outline/disaster_index.php"
"","第7回 畜産資材EXPO","2026/10/07","2026/10/09","幕張メッセ","","","IoT・センサ","畜産向け設備・ICT・環境管理技術を扱う専門展。","https://www.jagri-global.jp/hub/ja-jp/about/agrilivestock.html"
"","製造業DX展［大阪］（ものづくりワールド構成展）","2026/10/07","2026/10/09","インテックス大阪","","","AI・DX・IoT・センサ","製造業向けのDX、AI、IoT、データ活用ソリューションを集めた専門展。設計・開発から工場運営までの業務改革を支援する技術が展示される。","https://www.manufacturing-world.jp/hub/ja-jp/about/mdx.html"
"","製造業サイバーセキュリティ展","2026/10/07","2026/10/09","インテックス大阪","","","AI・DX・IoT・センサ・セキュリティ","製造業のセキュリティ対策を強化するための展示会。最新のサイバーセキュリティ製品やソリューションが集結します。","https://www.manufacturing-world.jp/hub/ja-jp/about/cybersecurity.html"
"","観光・ホテル・外食産業展 北海道 2026","2026/10/07","2026/10/08","アクセスサッポロ","","","AI・DX・スマートシティ・自治体DX","ホテル・宿泊・観光事業者向けのBtoB展示会。宿泊施設運営システムや観光業向けデジタル化ソリューションなどを対象とする。","https://tourismhotel.jma.or.jp/hkd/index.php?_gl=1%2Aoyes9w%2A_gcl_au%2AMTEzMTcyMzg2OC4xNzg3NTQ3NjMz%2A_ga%2AMTYzNzgyNzg3Ny4xNzc5Njc2MDY0%2A_ga_0WC3X1EZKZ%2AczE3ODc3OTY3MTgkbzUkZzEkdDE3ODc3OTcxMjQkajIxJGwwJGgw%2A_ga_NJR2RPSJKX%2AczE3ODc3OTY3MTgkbzUkZzEkdDE3ODc3OTcxMjQkajIxJGwwJGgw"
"","計測・検査・センサ展［大阪］（ものづくりワールド構成展）","2026/10/07","2026/10/09","インテックス大阪","","","IoT・センサ","製造業における品質管理や検査工程向けの計測・検査ソリューションを集約。測定機器・センサ技術の最新動向を確認できる。","https://www.manufacturing-world.jp/hub/ja-jp/about/mts.html"
"","農業WEEK - スマート農業EXPO","2026/10/07","2026/10/09","幕張メッセ","","","AI・DX・IoT・センサ・ドローン・ロボット","最新のITやDX、ドローン、ロボット、植物工場など、次世代の農業を支える最先端のスマート農業技術が一堂に集結する日本最大級の専門展示会です。全国から農業関係者や参入検討企業が多数来場し、活発な商談や最新トレンドの情報交換が行われます。","https://www.jagri-global.jp/hub/ja-jp.html"
"","農業WEEK - 畜産 予防・衛生EXPO 東京展","2026/10/07","2026/10/09","幕張メッセ","","","IoT・センサ","家畜の予防・衛生のための資材やサービスが一堂に集結する展示会。消毒・衛生資材、感染・病気予防、害獣・害虫対策、畜舎・人の衛生管理に加え、IoTシステムや遠隔監視などの技術も出展され、畜産農家や関係者が最新の製品やサービスを比較検討できる重要な場となっている。","https://www.jagri-global.jp/hub/ja-jp/about/livestockhealth.html"
"","農業WEEK - 畜産資材EXPO（東京展）","2026/10/07","2026/10/09","幕張メッセ","","","AI・DX・IoT・センサ","給餌器や畜舎などの設備から、ITを用いた農場管理や生体管理まで、国内外の畜産資材が一堂に集まる専門展示会です。農業WEEKの構成展の一つとして開催され、最新の製品比較や具体的な商談が行われます。","https://www.jagri-global.jp/hub/ja-jp/about/agrilivestock.html"
"","農業WEEK（J-AGRI）","2026/10/07","2026/10/09","幕張メッセ","","","ドローン・ロボット","スマート農業、農業ロボット、農業ドローン、農業資材などを対象とした国際展示会。日本およびアジアの農業関係者向け商談の場として開催される。","https://www.jagri-global.jp/"
"","農業資材 EXPO","2026/10/07","2026/10/09","幕張メッセ","","","AI・DX","最新の施設園芸、農業機械、肥料・土壌改良材、農薬、包装・物流製品、鳥獣害対策資材などが一堂に集まる展示会です。","https://www.jagri-global.jp/hub/ja-jp/lp/vis/tokyo/jagri-pc.html?msclkid=10f5b72376ef1464a39edda8b9eeac33"
"","CEATEC 2026","2026/10/13","2026/10/16","幕張メッセ","","","無線・通信・AI・DX・IoT・センサ・ドローン・ロボット","日本最大級のデジタルイノベーション総合展。AI・IoT・通信・モビリティ・社会インフラなど幅広い先端技術が集まり、産業横断の共創を促進する。","https://www.ceatec.com/ja/"
"","CEATEC 2026 - X（Transformation）パーク","2026/10/13","2026/10/16","幕張メッセ","","","AI・DX・IoT・センサ・スマートシティ・自治体DX","CEATEC 2026の企画展示であるX（Transformation）パークは、先端技術や社会課題への挑戦、産業・社会構造の変革をテーマごとに発信するエリアです。技術や事業の社会実装を進めたい企業や、分野を超えた共創・連携を求める出展者に最適です。","https://www.ceatec.com/ja/application/"
"","CEATEC 2026 - ネクストジェネレーションパーク","2026/10/13","2026/10/16","幕張メッセ","","","その他IT","CEATEC 2026のネクストジェネレーションパークは、スタートアップ企業や大学・研究機関を中心に、次世代を担う技術・アイデア・人材が集う展示エリアです。コンパクトな展示スペースを活用し、投資家や新たなパートナーとのマッチングを促進します。","https://www.ceatec.com/ja/application/"
"","CEATEC 2026 - 一般展示","2026/10/13","2026/10/16","幕張メッセ","","","その他IT","CEATEC 2026の一般展示エリアでは、自由なブース設計により自社の先端技術や製品、サービスを幅広く発信することができます。幅広い市場の反応や来場者の声を直接得たい企業や、自社製品を広くアピールしたい出展者に最適な、大規模な展示スペースを提供します。","https://www.ceatec.com/ja/application/"
"","EDIX大阪 2026（教育総合展）","2026/10/13","2026/10/15","グランキューブ大阪","","","無線・通信・AI・DX・スマートシティ・自治体DX","教育ICT、校務支援、学習コンテンツ、教育DX関連サービスが集まる西日本最大級の教育分野専門展示会。教育委員会や学校関係者が多数来場する。RX Japan企画運営。","https://www.edix-expo.jp/osaka/ja-jp.html"
"","EDIX大阪2026","2026/10/13","2026/10/15","グランキューブ大阪","","","AI・DX","EDIX大阪2026は、西日本最大の教育分野における総合展示会です。学校や教育機関向けのICT機器、デジタル教材、校務DX・業務効率化ソリューション、教育現場でのAI活用など、最新の教育IT製品やサービスが一堂に会します。関西を中心とした多くの教育関係者が来場し、活発な商談や情報交換が行われる重要なビジネスプラットフォームとなっています。","https://www.edix-expo.jp/osaka/ja-jp.html"
"","Japan Mobility Show Bizweek 2026","2026/10/13","2026/10/16","幕張メッセ","","","AI・DX・IoT・センサ・スマートシティ・自治体DX","Japan Mobility Show Bizweek 2026は、モビリティ産業の未来を切り拓くビジネスイベントです。CEATEC 2026と同一会期・会場にて併催され、次世代のモビリティ社会を支える最先端の技術やデータ連携、自動運転などの先進的な取り組みやソリューションが多数出展されます。","https://www.ceatec.com/ja/"
"","Japan Mobility Show Bizweek 2026（CEATEC併催）","2026/10/13","2026/10/16","幕張メッセ","","","無線・通信・AI・DX・ドローン・ロボット","自動車・モビリティ産業の最新技術やサービスを対象としたBtoB展示会。CEATECとの併催によりデジタルとモビリティ領域の融合を図る。","https://www.japan-mobility-show.com/"
"","CareTEX大阪'26","2026/10/14","2026/10/16","インテックス大阪","","","AI・DX・ドローン・ロボット","介護・高齢者施設向け用品、機器、IT、介護テクノロジーを集めたBtoB商談展示会。介護DXや見守りシステム、業務効率化ソリューションが多数出展する。","https://osaka.caretex.jp/"
"","Careテクノロジー大阪'26","2026/10/14","2026/10/16","インテックス大阪","","","AI・DX・IoT・センサ・ドローン・ロボット","介護ロボット、見守りセンサ、AI活用システムなど介護現場の省人化・効率化を支援する専門展示会。介護現場向け先端技術の導入促進を目的とする。","https://osaka.caretech.jp/"
"","FABEX関西 2026（第14回）","2026/10/14","2026/10/16","インテックス大阪","","","IoT・センサ・ドローン・ロボット","食品製造・惣菜・中食産業向けの専門展示会。食品製造設備、包装、物流機器などが集まり、食品工場・流通分野の業務効率化提案が行われる。","https://kansai.fabex.jp/entry/about02.html"
"","SCAJ ワールド スペシャルティコーヒー カンファレンス＆エキシビション 2026","2026/10/14","2026/10/17","東京ビッグサイト","","","AI・DX","スペシャルティコーヒーの生産、流通、焙煎、機器、店舗運営関連企業が集まる業界展示会。コーヒー産業の技術・製品・流通ソリューションを紹介する。","https://scajconference.jp/"
"","Security Days Fall 2026 大阪","2026/10/14","2026/10/14","グランフロント大阪 コングレコンベンションセンター","","","セキュリティ","2026年で初開催から14年目を迎える情報セキュリティの専門イベントです。常にアップデートが必要なセキュリティ対策の最新動向を共有します。","https://f2ff.jp/event/secd"
"","TOKYO PACK 2026（2026東京国際包装展）","2026/10/14","2026/10/16","東京ビッグサイト","","","AI・DX","包装資材・包装機械・食品機械・物流機器など、生産から流通までを対象とする日本最大級の国際包装総合展。物流効率化や環境対応包装など製造業・物流業向けソリューションが集結する。","https://www.tokyo-pack.jp/event/13994"
"","ヘルスケアJAPAN大阪'26","2026/10/14","2026/10/16","インテックス大阪","","","IoT・センサ","健康寿命延伸や予防医療に関する製品・サービスを集めた専門展示会。健康管理機器やデジタルヘルス関連ソリューションが紹介される。","https://osaka.healthcarejapan.jp/"
"","モノづくりフェア2026","2026/10/14","2026/10/16","マリンメッセ福岡","","","AI・DX・IoT・センサ・ドローン・ロボット","九州最大級の製造業向け展示会。工場自動化、IoT、ロボット、設備保全、スマートファクトリー関連技術を紹介する。","https://www.nikkanseibu-eve.com/mono/"
"","ラベルフォーラムジャパン2026","2026/10/14","2026/10/16","東京ビッグサイト","","","IoT・センサ","ラベル・シール・タグ・フレキシブルパッケージに特化した国内最大級の専門展示会。印刷機器、加工技術、材料、検査技術などが展示される。","https://www.labelforum.jp/"
"","第4回 スポーツファッション EXPO 秋","2026/10/14","2026/10/16","東京ビッグサイト","","","その他IT","スポーツ向け衣料や周辺機器を扱う専門展示会。センシング技術や機能性ウェアなども対象となる。","https://www.fashion-tokyo.jp/autumn/ja-jp/about/sports.html"
"","食品開発展2026","2026/10/14","2026/10/16","東京ビッグサイト","","","AI・DX","食品の健康・美味しさ・安全品質・フードロングライフをテーマとする専門展示会。食品製造技術や開発支援ソリューションが集まり、食品産業の高度化を支援する。","https://www.hijapan.info/"
"","FIT2026（金融国際情報技術展）","2026/10/15","2026/10/16","東京国際フォーラム","","","その他IT","FIT2026（金融国際情報技術展）は、金融機関のための国内最大級のIT技術とソリューションが集結する専門イベントです。銀行、証券、保険などの金融ビジネスに特化した最新のデジタル技術やセキュリティ対策、DX推進のための様々なITツールが展示され、多くの金融関係者が来場して情報収集や商談を行います。","https://www.t-i-forum.co.jp/visitors/event/"
"","IT総合展2026ｉｎひろしま","2026/10/15","2026/10/16","広島県立広島産業会館","","","AI・DX","IT総合展2026ｉｎひろしまは、地域の課題を可能性に変え、多様な立場の人々がITを通じて協創し新しい地域の価値を創出することを目指す大規模な展示会です。最新のIT技術やソリューションが一堂に会し、ビジネスのデジタル化や地域活性化に貢献する様々な取り組みや製品が紹介されます。","https://sangyoukaikan.jp/event/"
"","CTC DISCOVER 2026","2026/10/16","2026/10/16","グランドプリンスホテル新高輪","","","AI・DX・セキュリティ","CTC DISCOVER 2026は、伊藤忠テクノソリューションズが主催するテクノロジーイベントである。「AI実装の道しるべ」をテーマに掲げ、AI、データ＆アナリティクス、クラウドネイティブ、セキュリティの4領域を中心に、課題突破のリアルな導入事例や体験型展示、専門家との対話セッションを展開。企業のDX推進や情報システム部門を対象に、AIの本格実装を支える最新IT基盤や知見を提供する。","https://discover.ctcevent.jp/"
"","Security Days Fall 2026 福岡","2026/10/16","2026/10/16","ONE FUKUOKA CONFERENCE HALL","","","セキュリティ","2026年で初開催から14年目を迎える情報セキュリティの専門イベントです。常にアップデートが必要なセキュリティ対策の最新動向を共有します。","https://f2ff.jp/event/secd"
"","ビューティーワールド 大阪","2026/10/19","2026/10/21","インテックス大阪","","","AI・DX","西日本最大級の総合ビューティ見本市。エステ、ヘルスケア、美容関連サービス・製品が集まり、業界の最新トレンドや新技術を紹介する商談型展示会。","https://beautyworld-japan-osaka.jp.messefrankfurt.com/osaka/ja.html"
"","AIエージェントDXPO福岡 2026","2026/10/20","2026/10/23","マリンメッセ福岡","","","AI・DX","AIエージェントや生成AIを活用した業務改革ソリューションを紹介する専門展示会。企業の生産性向上や省人化を支援する提案が中心。","https://dxpo.jp/real/fox/fukuoka/aiagent/"
"","IT・情シスDXPO福岡 2026","2026/10/20","2026/10/23","マリンメッセ福岡","","","無線・通信・AI・DX・セキュリティ","情報システム部門向けにIT基盤、セキュリティ、業務効率化ソリューションを紹介する展示会。企業のDX推進を支援する。","https://dxpo.jp/real/fox/fukuoka/system/"
"","バックオフィスDXPO福岡 2026","2026/10/20","2026/10/21","マリンメッセ福岡","","","AI・DX","人事・総務・経理など管理部門向けDX展示会。業務自動化やデータ活用による生産性向上ソリューションが集まる。","https://dxpo.jp/real/box/fukuoka/"
"","第28回 図書館総合展 2026","2026/10/20","2026/10/22","パシフィコ横浜","","","AI・DX・スマートシティ・自治体DX","図書館・教育・公共分野向けの専門展示会。図書館システム、デジタルアーカイブ、情報活用基盤など公共DXに関連する製品・サービスが集まる。","https://www.libraryfair.jp/"
"","製造イノベーションDXPO福岡 2026","2026/10/20","2026/10/21","マリンメッセ福岡","","","AI・DX・IoT・センサ・ドローン・ロボット","製造現場の生産性向上やスマートファクトリー化を支援する展示会。製造DXや自動化技術を紹介する。","https://dxpo.jp/real/box/fukuoka/manufacturing/"
"","""AI時代の"" 情報セキュリティEXPO","2026/10/21","2026/10/23","幕張メッセ","","","無線・通信・AI・DX・セキュリティ","情報セキュリティに関する製品・技術・サービスが一堂に出展する展示会。","https://www.japan-it.jp/it/ja-jp/visit/ist.html"
"","AIインフラ・データセンターEXPO【秋】","2026/10/21","2026/10/23","幕張メッセ","","","無線・通信・AI・DX","生成AI時代を支えるデータセンター・AIインフラ関連技術の専門展示会。データセンター構築・運用に関する最新技術やサービスが集まる。","https://www.japan-it.jp/hub/ja-jp/visit/dse.html"
"","AI・業務自動化 展【秋】","2026/10/21","2026/10/23","幕張メッセ","","","AI・DX・ドローン・ロボット","AIを活用した業務自動化ソリューションを集めた専門展示会。生成AI活用や業務効率化・品質向上を支援する製品・サービスが出展する。","https://www.japan-it.jp/dx/ja-jp/visit/ai.html"
"","AI時代の経営変革 EXPO（EC・店舗 Week 秋 内）","2026/10/21","2026/10/23","幕張メッセ","","","AI・DX","AI活用による経営高度化や業務改革をテーマとする専門展示会。生成AI、データ活用、自動化ソリューションなどを通じて企業のDX推進を支援する。","https://www.japan-it.jp/dx/ja-jp/exhibit/data.html"
"","EC・店舗 Week - 売れるEC EXPO","2026/10/21","2026/10/23","幕張メッセ","","","AI・DX","売れるEC EXPOは、EC・店舗 Weekを構成する専門展の一つであり、ECサイト、ECモール、SNSコマースなど、ECにおける売上向上を実現する最先端のソリューションやサービスが一堂に出展する日本最大級の展示会です。全国からEC事業や流通に関わる多くの担当者が来場し、活発な商談や情報交換が行われる場として、企業の売上拡大や課題解決を強力に支援します。","https://www.japan-it.jp/ec-store/ja-jp.html"
"","EC・店舗 Week - 店舗の人手不足対策 EXPO","2026/10/21","2026/10/23","幕張メッセ","","","AI・DX・ドローン・ロボット","店舗の人手不足対策 EXPOは、EC・店舗 Weekを構成する専門展であり、深刻化する店舗業界の人手不足や業務効率化の課題を解決するための最新システムや省人化ソリューションが一堂に出展します。自動化ツールやロボット、各種サービスを活用して店舗運営の負担軽減や生産性向上を図りたい事業者が多数来場し、具体的な導入に向けた商談が行われます。","https://www.japan-it.jp/ec-store/ja-jp.html"
"","EC・店舗 Week【秋】2026","2026/10/21","2026/10/23","幕張メッセ","","","AI・DX","EC/D2C・通販・実店舗の売上向上と運営効率化を目的とした総合展。EC運営・物流改革、店舗人手不足対策、店舗運営DXなどをテーマに開催される。","https://www.japan-it.jp/ec-store/ja-jp.html"
"","EC運営・物流改革 EXPO","2026/10/21","2026/10/23","幕張メッセ","","","AI・DX","EC事業者向けに在庫管理、物流、受発注、データ分析などの効率化ソリューションを紹介する専門展。物流改革や業務自動化に関する技術が集結する。","https://www.japan-it.jp/ec-store/ja-jp/visit/ec.html"
"","ITエンジニア派遣・育成 EXPO","2026/10/21","2026/10/23","幕張メッセ","","","無線・通信・AI・DX","IT人材不足を解決できるサービスやソリューションが出展する展示会です。","https://www.japan-it.jp/hub/ja-jp/visit/ith.html"
"","IoTシステム開発 EXPO【秋】","2026/10/21","2026/10/23","幕張メッセ","","","無線・通信・AI・DX・IoT・センサ","組込み・IoT・エッジコンピューティング技術に関する専門展示会。通信モジュール、産業用PC、画像認識AIなどIoT基盤技術が集まる。","https://www.japan-it.jp/it/ja-jp/visit/iot.html"
"","Japan DX & AX Week 秋展 - AI・業務自動化 展","2026/10/21","2026/10/23","幕張メッセ","","","AI・DX","AI・業務自動化 展は、人が行っていた業務をAIを活用して自動化するソフトウェアやサービスが出展する日本国内最大級の展示会です。生成AIのビジネス活用やAIエージェント、RPA、チャットボット、AI-OCRなどの最新技術が一堂に会し、業務効率化やコスト削減を目指す企業にとって最適な情報収集とパートナー探しの場となります。","https://www.japan-it.jp/dx/ja-jp/visit/ai.html"
"","Japan DX & AX Week 秋展 - AI時代の経営変革 EXPO","2026/10/21","2026/10/23","幕張メッセ","","","AI・DX","Japan DX & AX Weekの構成展であるAI時代の経営変革EXPOは、社内外のあらゆるデータを経営に生かすためのソリューションが集まる専門展です。AIを前提とした経営や組織全体の変革を目指し、意思決定の迅速化やビジネスモデルの転換をサポートする最先端のデータ活用・経営支援システムが多数出展します。","https://www.japan-it.jp/dx/ja-jp/about.html"
"","Japan DX & AX Week 秋展 - BtoB EC・受発注DX EXPO","2026/10/21","2026/10/23","幕張メッセ","","","AI・DX","BtoB EC・受発注DX EXPOは、Japan DX & AX Week 秋展の構成展として開催される企業間取引のデジタル化に特化した展示会です。企業間取引における受発注、請求、決済、データ連携などの一連の業務をデジタル化し、自動化するためのソリューションが集結します。商習慣のデジタルシフトを進め、サプライチェーンの効率化や取引プロセスの迅速化を目指す企業に向けた最適な商談の場となっています。","https://www.japan-it.jp/dx/ja-jp.html"
"","Japan DX & AX Week 秋展 - 現場DX EXPO","2026/10/21","2026/10/23","幕張メッセ","","","AI・DX・IoT・センサ・セキュリティ","工場、建設、倉庫、プラントなどの各種現場における業務や働き方をデジタル変革するための専門展示会です。作業管理、コミュニケーションツール、ウェアラブル機器、遠隔監視・制御ソリューションなどが多数出展します。安全第一DXワールドなどの特設エリアも設けられ、現場の安全管理や生産性向上を支援する最新のシステムを実際に体験しながら比較検討できる場となっています。","https://www.japan-it.jp/dx/ja-jp/visit/deskless.html"
"","Japan DX & AX Week 秋展 - 社内業務DX EXPO","2026/10/21","2026/10/23","幕張メッセ","","","AI・DX","Japan DX & AX Weekの構成展である社内業務DX EXPOは、現代のビジネス環境における社内業務のデジタルトランスフォーメーションを総合的に支援するための展示会です。バックオフィス業務の効率化やペーパーレス化、データ活用など、企業の内部体制を強化して生産性を向上させるための幅広い最新ソリューションやサービスが一同に集まります。","https://www.japan-it.jp/dx/ja-jp/about.html"
"","Japan DX & AX Week【秋】2026","2026/10/21","2026/10/23","幕張メッセ","","","AI・DX・スマートシティ・自治体DX","AI時代の企業変革をテーマとする日本最大級のDX・AX総合展。AI・業務自動化、現場DX、BtoB受発注DXなど企業変革ソリューションが集結する。","https://www.japan-it.jp/dx/ja-jp.html"
"","Japan IT Week 秋 - 組込み・エッジAI EXPO","2026/10/21","2026/10/23","幕張メッセ","","","AI・DX・IoT・センサ","Japan IT Week 秋の構成展の一つである組込み・エッジAI EXPOは、組込みシステム開発におけるリアルタイム性や安全性、省電力性を実現するためのエッジAI実装・運用技術が一堂に会する専門展です。産業用PC、通信モジュール、画像認識AIなどの最新ソリューションが集結し、業界関係者にとって新たなビジネスチャンスやパートナーシップを創出する絶好の場となっています。","https://www.japan-it.jp/it/ja-jp/visit/esec.html"
"","Japan IT Week【秋】2026","2026/10/21","2026/10/23","幕張メッセ","","","無線・通信・AI・DX・IoT・センサ・セキュリティ","システム開発・運用・保守に関する下半期最大級の総合IT展示会。ソフトウェア開発、IoTシステム開発、情報セキュリティ、AIインフラ／データセンターなどで構成される。","https://www.japan-it.jp/it/ja-jp.html"
"","Security Days Fall 2026 東京","2026/10/21","2026/10/23","TAKANAWA GATEWAY Convention Center","","","セキュリティ","2026年で初開催から14年目を迎える情報セキュリティの専門イベントです。常にアップデートが必要なセキュリティ対策の最新動向を共有します。","https://f2ff.jp/event/secd"
"","ソフトウェア受託開発・開発支援展","2026/10/21","2026/10/23","幕張メッセ","","","AI・DX","ソフトウェアやアプリの開発・保守・運用・テストのための製品/技術/サービスが一堂に出展する展示会。","https://www.japan-it.jp/hub/ja-jp/visit/sodec.html"
"","デジタルマーケティング EXPO","2026/10/21","2026/10/23","幕張メッセ","","","AI・DX","マーケティング自動化、顧客分析、データ活用などの最新ソリューションを集めた専門展示会。AIやデータドリブン施策による顧客獲得・販促高度化を支援する。","https://www.japan-it.jp/sales-marketing/ja-jp/visit/web.html"
"","営業DX EXPO","2026/10/21","2026/10/23","幕張メッセ","","","AI・DX","営業活動のデジタル化・自動化を支援するソリューションが集まる専門展。SFA、CRM、営業支援AIなどを活用した業務改革・生産性向上を提案する。","https://www.japan-it.jp/sales-marketing/ja-jp/visit/sdx.html"
"","営業・デジタルマーケティング Week【秋】2026","2026/10/21","2026/10/23","幕張メッセ","","","AI・DX","営業DX EXPOとデジタルマーケティング EXPOで構成される専門展示会。営業活動の高度化やデジタルマーケティング活用を支援する最新ソリューションが集まる。","https://www.japan-it.jp/sales-marketing/ja-jp.html"
"","営業・マーケDXPO福岡 2026","2026/10/21","2026/10/22","マリンメッセ福岡","","","AI・DX","営業・マーケティング領域のDXソリューション展示会。顧客分析、営業支援、AI活用ツールなどを対象とする。","https://dxpo.jp/real/fox/fukuoka/sales/"
"","売れるEC EXPO","2026/10/21","2026/10/23","幕張メッセ","","","AI・DX","ECサイト・ECモール・SNSコマースなど、ECにおける売上向上を実現するソリューションが一堂に出展する展示会","https://www.japan-it.jp/hub/ja-jp/visit/ecui.html"
"","売れる店舗づくり EXPO","2026/10/21","2026/10/23","幕張メッセ","","","AI・DX","店舗における集客・販促・顧客体験の向上を実現するソリューションが一堂に出展する展示会です。","https://www.japan-it.jp/ec-store/ja-jp/visit/storex.html"
"","店舗の人手不足対策 EXPO","2026/10/21","2026/10/23","幕張メッセ","","","AI・DX","店舗事業者を取り巻く人手不足課題を解決するソリューションが一堂に出展する展示会","https://www.japan-it.jp/hub/ja-jp/visit/sth.html"
"","現場DX EXPO","2026/10/21","2026/10/23","幕張メッセ","","","AI・DX・スマートシティ・自治体DX","工場、建設、インフラ、倉庫など現場のDXをテーマにした専門展示会。現場業務のデジタル化や自動化を支援する。","https://www.japan-it.jp/dx/ja-jp/visit/deskless.html"
"","社内業務DX EXPO","2026/10/21","2026/10/23","幕張メッセ","","","AI・DX","バックオフィス業務や社内オペレーションの効率化を支援する展示会。AIやクラウド活用による業務デジタル化・自動化ソリューションを紹介する。","https://www.japan-it.jp/dx/ja-jp/visit/office.html"
"","第1回 BtoB EC・受発注DX EXPO 秋","2026/10/21","2026/10/23","幕張メッセ","","","AI・DX・ドローン・ロボット","企業間取引における受発注・請求・決済・データ連携などの業務をデジタル化・自動化するソリューションが一堂に出展する展示会です。","https://www.japan-it.jp/hub/ja-jp/visit/btobec.html"
"","第8回 組込み・エッジAI EXPO 秋","2026/10/21","2026/10/23","幕張メッセ","","","IoT・センサ","IoT・エッジコンピューティングに関する製品/技術/サービスが一堂に出展する専門展","https://www.japan-it.jp/hub/ja-jp/visit/esec.html"
"","組込み・エッジ・IoT開発EXPO（ESEC）","2026/10/21","2026/10/23","幕張メッセ","","","無線・通信・IoT・センサ","組込みシステムやエッジコンピューティングの専門展。IoT機器、センサ技術、無線通信技術などの開発者向け製品が出展される。","https://www.japan-it.jp/it/ja-jp/visit/esec.html"
"","EC・通販DXPO福岡 2026","2026/10/22","2026/10/23","マリンメッセ福岡","","","AI・DX","EC・通販事業者向け展示会。物流支援、越境EC、CRM、販促支援など事業拡大を支援するサービスが集まる。","https://dxpo.jp/real/fox/fukuoka/store/"
"","JIMTOF (日本国際工作機械見本市)","2026/10/26","2026/10/31","東京ビッグサイト","","","IoT・センサ","世界基準の日本最大級国際工作機械見本市です。工作機械、鍛圧機械、工作機器、機械工具、精密測定機器、制御装置・ソフトウェアなど、最新の産業技術が一堂に会します。","https://jimtof.org/jp/index.html"
"","地方自治情報化推進フェア2026","2026/10/27","2026/10/28","幕張メッセ","","","無線・通信・AI・DX・セキュリティ・スマートシティ・自治体DX","自治体の情報システム、行政DX、デジタルガバメント分野に関する展示会。自治体向けICTソリューションや情報セキュリティ、行政サービス高度化に関する製品・サービスが集まる。","https://fair.j-lis.go.jp/"
"","Security Days Fall 2026 名古屋","2026/10/28","2026/10/29","JPタワー名古屋 ホール＆カンファレンス","","","AI・DX・セキュリティ","情報セキュリティ分野の専門イベント。サイバー攻撃対策、ゼロトラスト、生成AI時代のセキュリティ運用など最新の実践事例や技術動向を扱う。","https://f2ff.jp/event/secd/2026-fall/nagoya/session"
"","第12回 九州アグロ・イノベーション ― 九州みどりの食料システムEXPO 2026 ―","2026/10/28","2026/10/29","マリンメッセ福岡","","","AI・DX・IoT・センサ・ドローン・ロボット","農業生産の効率化・省力化・スマート農業をテーマとする専門展示会。農業機械、環境制御技術、センシング技術、ICT・IoT活用ソリューションなどが対象となる。","https://agri-food.jma.or.jp/kyushu/index.php"
"","第14回 国際宝飾展 秋（秋のIJT）2026","2026/10/28","2026/10/30","パシフィコ横浜","","","AI・DX","宝飾業界向けの大規模商談見本市。デジタル販売支援や流通高度化を含む業界向けソリューションも出展対象となるBtoB展示会。","https://www.ijt.jp/autumn/ja-jp.html"
"","第8回 九州・沖縄・宿泊外食産業展／第2回 アジア輸出食品展","2026/10/28","2026/10/29","マリンメッセ福岡","","","AI・DX・スマートシティ・自治体DX","九州・沖縄地域の宿泊・観光・外食産業向け商談展示会。宿泊施設向けシステム、業務効率化ソリューション、食品流通・輸出関連サービスなどが紹介される。","https://ksh.jma.or.jp/"
"","ODEX 大阪（デジタル化・DX推進展）","2026/10/29","2026/10/30","インテックス大阪","","","AI・DX・IoT・センサ","業務・産業分野のデジタル化、DX推進ソリューションを対象とする展示会。 ※9/29時点では公式サイトは更新されておらず、インテックス大阪のサイトには同日での開催と記載あり","https://odex-telex.jp/"
"","住まい・建築・不動産の総合展［BREX関西］2026","2026/10/29","2026/10/30","インテックス大阪","","","AI・DX","住宅、非住宅木造建築、マンション、賃貸住宅、建築・不動産DXを対象とした専門展示会。AI活用・DX企画も実施され、建設・不動産業界のデジタル化や業務効率化をテーマとする。","https://housing-biz.jp/kansai/"
"","AI World 2026 秋 東京","2026/11/04","2026/11/06","幕張メッセ","","","AI・DX","生成AI、AI-OCR、AIエージェント、データ分析など、企業の業務変革や生産性向上を支援するAIソリューションを対象とした専門展示会。DX総合EXPOと同時開催。","https://www.bizcrew.jp/expo/ai-tokyo"
"","AI World 2026 秋 東京 - AIセキュリティ・ガバナンス EXPO","2026/11/04","2026/11/06","幕張メッセ","","","AI・DX・セキュリティ","AIの安全な利用やセキュリティ対策、ガバナンス体制の構築に関するサービスや製品が出展されるAI World 2026 秋 東京の構成展です。AI導入におけるリスク管理やコンプライアンス遵守など、信頼性の高いAI運用を模索する企業の情報システム部門や法務担当者向けの専門展です。","https://www.bizcrew.jp/expo/ai-tokyo"
"","AI World 2026 秋 東京 - AI業務改革 EXPO","2026/11/04","2026/11/06","幕張メッセ","","","AI・DX","ビジネス変革や業務効率化を加速させる最新のAIソリューションが一堂に集結するAI World 2026 秋 東京の構成展であり、AIを活用した企業の業務改革に特化した専門展示会です。企業の経営企画、総務、人事、情報システムなどの部門に向けて、具体的な課題解決や商談の場を提供します。","https://www.bizcrew.jp/expo/ai-tokyo"
"","AI World 2026 秋 東京 - AI開発技術展","2026/11/04","2026/11/06","幕張メッセ","","","AI・DX","AI開発に必要な最新の技術やツール、機械学習、ディープラーニング、データ解析ソリューションなどが集まるAI World 2026 秋 東京の構成展です。最先端のAIテクノロジーに触れ、開発力の強化や新たな技術導入を目指すエンジニアや開発担当者にとって絶好の情報収集の場となります。","https://www.bizcrew.jp/expo/ai-tokyo"
"","DX 総合EXPO 2026 秋 東京","2026/11/04","2026/11/06","幕張メッセ","","","AI・DX・セキュリティ","人事・労務、経理・財務、法務、マーケティング、営業、業務改革、情報セキュリティなど企業のDX推進ソリューションが集まる日本最大級のDX総合展。DX推進担当者や経営層向けの展示・セミナーを実施。","https://www.bizcrew.jp/expo/dx-tokyo"
"","DX 総合EXPO 2026 秋 東京 - 人事・労務DX EXPO","2026/11/04","2026/11/06","幕張メッセ","","","AI・DX","業務効率化や働き方改革、経営基盤強化を実現するためのDXソリューションが一堂に集う日本最大級の総合展「DX 総合EXPO 2026 秋 東京」の構成展。人事・労務管理分野の最新システムやサービスが出展され、企業の課題解決を強力に支援します。","https://www.bizcrew.jp/expo/dx-tokyo"
"","DX 総合EXPO 2026 秋 東京 - 情報セキュリティDX EXPO","2026/11/04","2026/11/06","幕張メッセ","","","セキュリティ","業務効率化や働き方改革、経営基盤強化を実現するためのDXソリューションが一堂に集う日本最大級の総合展「DX 総合EXPO 2026 秋 東京」の構成展。企業のセキュリティ強化に不可欠な最新の製品やサービスが一堂に会し、安全なDX推進を支えます。","https://www.bizcrew.jp/expo/dx-tokyo"
"","ECONOSEC JAPAN 経済安全保障対策会議・展示会","2026/11/04","2026/11/05","東京国際フォーラム","","","AI・DX・セキュリティ","経済安全保障への対策をリードする、最大規模のカンファレンスと展示会です。関連するソリューションやサービスが紹介されます。","https://econosec.jp/"
"","Gartner IT Symposium/Xpo 2026","2026/11/04","2026/11/06","パシフィコ横浜","","","AI・DX・セキュリティ","CIO・IT部門責任者向けの大規模カンファレンス＆展示イベント。企業のDX戦略、AI活用、ITインフラ、サイバーセキュリティ、データ活用などをテーマに国内外ベンダーが参加する。","https://www.gartner.com/jp/conferences/apac/symposium-japan"
"","ビジネスイノベーション Japan 2026 秋 東京","2026/11/04","2026/11/06","幕張メッセ","","","無線・通信・AI・DX","経営改革、新規事業創出、業務改革、生産性向上を支援するサービス・ソリューションを対象としたBtoB展示会。DX総合EXPOと併催され、企業の変革を支援する製品・サービスが集結する。","https://www.bizcrew.jp/expo/bij-tokyo"
"","第1回 中部食品産業創造展’26","2026/11/04","2026/11/06","ポートメッセなごや","","","IoT・センサ","中部地方の食品産業をテーマにした創造展で、最新の技術や製品、サービスが展示されます。","https://chubu-shokuten.nikkan.co.jp/"
"","ビジネスEXPO 第40回北海道 技術・ビジネス交流会 - 北のITシーズフェア2026","2026/11/05","2026/11/06","アクセスサッポロ","","","AI・DX","ビジネスEXPO内で同時開催される「北のITシーズフェア2026」は、北海道最大級の技術・ビジネス交流会において、最新のIT技術やソフトウェア、DX推進に寄与するソリューションが一堂に会する注目の展示会です。道内企業等の優れたITシーズを発信し、新たなビジネスチャンスやイノベーションの創出を促進する場となっています。","https://www.business-expo.jp/about_us/"
"","ビジネスEXPO 第40回北海道 技術・ビジネス交流会 - 道内企業によるロボット・機械の見本市2026","2026/11/05","2026/11/06","アクセスサッポロ","","","IoT・センサ・ドローン・ロボット","ビジネスEXPOの同時開催展である「道内企業によるロボット・機械の見本市2026」では、最先端の産業用ロボットや自動化機械、関連するIoT・センサ技術が出展されます。道内企業の高い技術力を紹介し、生産性の向上や省人化、次世代のモノづくりに向けた多様なソリューションを提示する貴重な機会を提供しています。","https://www.business-expo.jp/about_us/"
"","ビジネスEXPO「第40回北海道 技術・ビジネス交流会」","2026/11/05","2026/11/06","アクセスサッポロ","","","AI・DX・IoT・センサ・ドローン・ロボット","北海道最大級の技術・ビジネス交流展示会。AI、半導体、IT、ロボット、ものづくり等の企業・団体が出展。","https://www.business-expo.jp/"
"","レジャーホテルフェア2026","2026/11/05","2026/11/06","東京ビッグサイト","","","AI・DX・セキュリティ・スマートシティ・自治体DX","レジャーホテルの開発・投資・運営に関わる設備、システム、アメニティ、運営支援サービスを集めた業界専門展示会。ホテル運営の効率化や顧客サービス向上に関する最新ソリューションを紹介する。","https://www.sogo-unicom.co.jp/lhf/"
"","レジャー＆サービス産業展2026","2026/11/05","2026/11/06","東京ビッグサイト","","","AI・DX・スマートシティ・自治体DX","レジャー施設やサービス産業向けの設備・システム・運営ソリューションを紹介するBtoB展示会。施設運営の効率化やサービス高度化に関する製品・サービスが出展される。","https://www.sogo-unicom.co.jp/lsi/"
"","第40回北海道ビジネスEXPO - ITビジネスゾーン","2026/11/05","2026/11/06","アクセスサッポロ","","","AI・DX","北海道最大級のビジネスイベントである北海道ビジネスEXPO内のITビジネスゾーン。システムやソフトウェア関連企業が出展し、最新のITソリューションやビジネス展開の提案、技術交流が行われる。半導体やAI、GXなど次成長が加速する次世代産業の集積地である北海道において、多様な産業との連携や新たなビジネス創出を目的として開催される注目の展示・商談会である。","https://www.business-expo.jp/"
"","第40回北海道ビジネスEXPO - 先端技術ゾーン","2026/11/05","2026/11/06","アクセスサッポロ","","","AI・DX・IoT・センサ・ドローン・ロボット","北海道最大級のビジネスイベントである北海道ビジネスEXPO内の先端技術ゾーン。AIやロボット、航空宇宙関連などの最先端技術を有する企業や研究機関が集結する。次世代産業の集積が進む北海道において、最先端のテクノロジーを用いた新技術の展示や、産学官の連携による新たな価値の創出、ビジネスパートナーとの出会いの場を提供する重要な展示会・商談イベントとなっている。","https://www.business-expo.jp/"
"","地方銀行フードセレクション2026","2026/11/10","2026/11/11","東京ビッグサイト","","","その他IT","全国の食品関連事業者と流通・小売バイヤーの商談を目的とした展示会。食品流通や地域産品の販路拡大を支援する商談会として開催される。","https://www.food-selection.com/"
"","AI・人工知能 EXPO","2026/11/11","2026/11/13","幕張メッセ","","","AI・DX","生成AI、機械学習、画像認識、自然言語処理などのAIソリューションが集結。業務効率化や企業DXを推進するための専門展示会。","https://www.nextech-week.jp/hub/ja-jp/about/ai.html"
"","AI時代の人材・組織改革EXPO","2026/11/11","2026/11/13","幕張メッセ","","","無線・通信・AI・DX","AI時代の人材育成・組織改革に特化した国内唯一の展示会です。","https://www.nextech-week.jp/hub/ja-jp/about/dxh.html"
"","FOOD-DX 2026","2026/11/11","2026/11/13","東京ビッグサイト","","","AI・DX","食品産業の複合展におけるDX化を推進","https://www.food-exhibition.info/"
"","FOOD-DX 2026 (FOOD展2026内特別展)","2026/11/11","2026/11/13","東京ビッグサイト","","","AI・DX・IoT・センサ","FOOD展内で開催される食品産業のDX化に特化した展示企画。生産・物流・品質管理・業務効率化に関するデジタル技術を紹介。","https://www.food-exhibition.info/common/pdf/2026_FOOD-DX.pdf"
"","FOOD展2026","2026/11/11","2026/11/13","東京ビッグサイト","","","AI・DX","給食・大量調理、食品衛生、食品工場設備、食品物流など食品産業を対象とした複合専門展示会。食品製造や物流の効率化・DX化に関する技術が集まる。","https://www.food-exhibition.info/"
"","JFEX WINTER（国際 食品・飲料 商談Week）","2026/11/11","2026/11/13","東京ビッグサイト","","","AI・DX","世界の食品・飲料を対象とする国際商談展示会。食品流通・サプライチェーン関連企業も多数参加する。","https://www.jfex.jp/jfex/ja-jp.html"
"","N-Plus 2026","2026/11/11","2026/11/13","東京ビッグサイト","","","AI・DX・IoT・センサ","新製品・新技術の創出を目的とした開発技術総合展。高機能材料、軽量化、電動化、DXなど複数の専門分野で構成される。","https://www.n-plus.biz/"
"","NexTech Week 2026","2026/11/11","2026/11/13","幕張メッセ","","","AI・DX・ドローン・ロボット","AI・人工知能、ブロックチェーン、量子コンピューティング、XR、ヒューマノイドロボットなどの先端技術を集約したRX Japan主催の総合展示会。企業・製造業・社会インフラ分野のDX推進を目的とした商談型展示会。","https://www.nextech-week.jp/autumn/ja-jp.html"
"","XR産業活用展","2026/11/11","2026/11/13","幕張メッセ","","","AI・DX","設計、教育訓練、シミュレーション、保守運用など産業分野でのXR活用に特化した専門展示会。VR・AR・MR技術の実装事例を紹介する。","https://www.nextech-week.jp/hub/ja-jp/about/xr.html"
"","アグリビジネス創出フェア2026","2026/11/11","2026/11/13","東京ビッグサイト","","","AI・DX・IoT・センサ・ドローン・ロボット","農林水産・食品分野の研究成果と実用技術を紹介する展示会。スマート農業、センシング、農業ロボット、データ活用技術などの研究開発成果が集まる。","https://agribiz.maff.go.jp/"
"","ヒューマノイドロボット EXPO","2026/11/11","2026/11/13","幕張メッセ","","","AI・DX・ドローン・ロボット","ヒューマノイドロボットの完成品や関連技術を集めた専門展。労働力不足や産業現場の自動化課題への対応をテーマとしている。","https://www.nextech-week.jp/hub/ja-jp/about/hr.html"
"","フィジカルAI EXPO","2026/11/11","2026/11/13","幕張メッセ","","","AI・DX・IoT・センサ・ドローン・ロボット","現場でAIを活用するための技術・ソリューションを集めた専門展。製造現場や物流現場における自律制御・認識技術などを対象とする。","https://www.nextech-week.jp/hub/ja-jp/about/ph.html"
"","フードディストリビューション（FD）2026","2026/11/11","2026/11/13","東京ビッグサイト","","","AI・DX","食品物流の課題解決をテーマとした専門展示会。保管、搬送、コールドチェーン、物流管理などのソリューションを展示。","https://www.food-exhibition.info/guideline/"
"","フードファクトリー2026（FF）","2026/11/11","2026/11/13","東京ビッグサイト","","","IoT・センサ・ドローン・ロボット","食品工場向け設備・機械の専門展。製造ライン自動化、検査装置、ロボット、計測機器などが展示される。","https://www.food-exhibition.info/guideline/"
"","ブロックチェーン EXPO","2026/11/11","2026/11/13","幕張メッセ","","","AI・DX","ブロックチェーンおよび分散型技術の導入・活用をテーマとした専門展。金融、製造、流通、医療など多様な産業のユースケースが展示される。","https://www.nextech-week.jp/hub/ja-jp/about/bc.html"
"","メッセナゴヤ2026","2026/11/11","2026/11/13","ポートメッセなごや","","","AI・DX・スマートシティ・自治体DX","日本最大級の異業種交流展示会。製造業、物流、建設、IT、社会インフラなど幅広い業界の企業が参加し、新規販路開拓や技術交流を行う。","https://www.messenagoya.jp/"
"","産業交流展2026","2026/11/11","2026/11/13","東京ビッグサイト","","","AI・DX・IoT・センサ・ドローン・ロボット","中小企業の技術・製品・サービスが集まる総合産業展示会。製造業、情報通信、環境分野を中心にAI・IoT関連企業も多数出展する。","https://www.sangyo-koryuten.tokyo/"
"","第13回 日本の食品 輸出EXPO WINTER","2026/11/11","2026/11/13","東京ビッグサイト","","","AI・DX","日本産食品の海外輸出に特化したBtoB展示会。海外バイヤーや輸出商向けに食品流通・輸出関連サービスが集結する。","https://www.jfex.jp/jpfood/ja-jp.html"
"","量子コンピューティング EXPO","2026/11/11","2026/11/13","幕張メッセ","","","無線・通信・AI・DX","量子技術の研究開発と産業活用をテーマとした専門展示会。製造業、金融、社会インフラ、物流など幅広い分野の活用事例を紹介。","https://www.nextech-week.jp/hub/ja-jp/about/qc.html"
"","第46回医療情報学連合大会（第27回日本医療情報学会学術大会）","2026/11/12","2026/11/15","札幌コンベンションセンター","","","AI・DX","第46回医療情報学連合大会は、医療分野における情報技術の活用、DX推進、AIやセキュリティなどの最新動向を議論する国内最大級の学術大会です。医療情報の標準化や電子カルテ、遠隔医療など、医療とITが融合した先進的なテーマについて研究発表や企業展示が行われ、医療情報の未来と発展に寄与する貴重な情報交換のプラットフォームを提供します。","https://www.sora-scc.jp/event/"
"","2026 BICSI Japan Conference & Exhibition","2026/11/17","2026/11/18","TODA HALL & CONFERENCE","","","無線・通信","ICT情報伝送システム、構造化配線、データセンター、Wi-Fiなどの通信インフラ技術に特化した専門カンファレンス・展示会。ネットワーク基盤や最新通信技術を扱う。","https://www.bicsi.jp/conference/2026.php"
"","2026 BICSI Japan Conference & Exhibition","2026/11/17","2026/11/18","TODAホール＆カンファレンス東京","","","無線・通信","BICSI日本支部が主催するICT情報伝送システム技術にフォーカスした国内最大級のイベントです。2026年11月17日と18日の2日間にわたり、東京都中央区のTODAホール＆カンファレンス東京で開催されます。最先端のネットワークインフラ、通信ケーブル、データセンター関連技術などの展示や講演が行われ、多くのICT・通信分野の専門家や関連企業が参加して情報共有やビジネス交流を図る重要な場となっています。","https://www.bicsi.jp/conference/2026.php"
"","第1回 【管理部門】AIエージェントDXPO東京’26【秋】","2026/11/17","2026/11/18","有明GYM-EX","","","AI・DX","管理部門の業務効率化・DX推進のための展示会。","https://dxpo.jp/real/box/tokyo2/aiagent/"
"","第3回 バックオフィスDXPO東京’26【秋】","2026/11/17","2026/11/18","有明GYM-EX","","","AI・DX","管理部門の定型業務を自動化する最新AIソリューションが集う展示会。","https://dxpo.jp/real/box/tokyo2/"
"","2026洗浄総合展","2026/11/18","2026/11/20","東京ビッグサイト","","","IoT・センサ","工業洗浄技術に特化した専門展示会。自動車、電子部品、精密機器向け洗浄・評価・乾燥技術を紹介する。","https://biz.nikkan.co.jp/eve/senjyo/"
"","BATTERY JAPAN 関西 2026","2026/11/18","2026/11/20","インテックス大阪","","","IoT・センサ","二次電池技術専門展。EV・蓄電池・エネルギーマネジメント向け材料、製造装置、評価設備が出展される。","https://www.wsew.jp/hub/ja-jp/about/bj.html"
"","EdgeTech+ 2026","2026/11/18","2026/11/20","パシフィコ横浜","","","無線・通信・AI・DX・IoT・センサ・セキュリティ・ドローン・ロボット","組込みシステム、エッジコンピューティング、AI・IoTの総合技術展。5G／ローカル5G、半導体、スマートセンシング、ロボティクスなどを扱う。","https://www.jasa.or.jp/expo/"
"","FOOD STYLE JAPAN 2026＜九州＞","2026/11/18","2026/11/19","マリンメッセ福岡","","","AI・DX","外食・小売・中食業界向けの商談展示会。店舗運営効率化や流通・物流関連ソリューションも出展対象となる。","https://foodstyle.jp/kyushu/"
"","H2 POWER WORLD OSAKA","2026/11/18","2026/11/20","インテックス大阪","","","AI・DX・スマートシティ・自治体DX","水素・燃料電池関連技術に特化した専門展示会。製造設備、供給システム、インフラ技術などが紹介される。","https://www.wsew.jp/hub/ja-jp/about/fck.html"
"","HOSPEX Japan 2026","2026/11/18","2026/11/20","東京ビッグサイト","","","AI・DX・ドローン・ロボット","病院・医療・福祉施設向け設備・機器の専門展示会。医療DX、スマートホスピタル、医療ロボット関連技術も扱う。","https://hospex.jma.or.jp/"
"","Inter BEE 2026","2026/11/18","2026/11/20","幕張メッセ","","","無線・通信・AI・DX・映像・放送","音響・映像・放送・通信分野のプロフェッショナル向け総合展示会。メディアソリューション、IP伝送、コンテンツ制作、先端コンテンツ技術などが集結する。","https://www.inter-bee.com/ja/"
"","JAPANTEX 2026","2026/11/18","2026/11/20","東京ビッグサイト","","","AI・DX・IoT・センサ","日本最大級のインテリア国際見本市。IoTやデジタル施工技術を含む住宅・商業空間向けソリューションを展示する。","https://japantex.jp/"
"","Japan DX & AX Week","2026/11/18","2026/11/20","インテックス大阪","","","AI・DX","DX推進、AI活用、データ活用、業務自動化をテーマとした関西最大級クラスのDX展示会。","https://www.japan-it.jp/dx/ja-jp.html"
"","Japan DX & AX Week - AI・業務自動化 展","2026/11/18","2026/11/20","インテックス大阪","","","AI・DX","AI・業務自動化 展は、人間が行っていた業務をAIを活用して自動化するソフトウェアやサービスが出展する日本国内有数の展示会です。生成AI、AIエージェント、RPA、チャットボット、AI-OCRなどの最新ソリューションが一堂に会し、業務効率化やコスト削減を目指す企業にとって最適な情報収集とパートナー探しの場となります。","https://www.japan-it.jp/dx/ja-jp/visit/ai.html"
"","Japan DX & AX Week - AI時代の経営変革 EXPO","2026/11/18","2026/11/20","インテックス大阪","","","AI・DX","社内外のあらゆるデータを経営に生かすためのソリューションが集まる専門展です。データ分析・BIツールや外部データ、経営管理・予実管理クラウドなどの最新ツールが一堂に会し、データドリブン経営を学ぶことができます。経営層やDX推進部門にとって最適な商談・ネットワーキングの場となります。","https://www.japan-it.jp/dx/ja-jp/exhibit/data.html"
"","Japan DX & AX Week - 社内業務DX EXPO","2026/11/18","2026/11/20","インテックス大阪","","","AI・DX","現代のビジネス環境における社内業務のデジタルトランスフォーメーションを支援する総合展示会。企業の生産性向上や業務効率化を目指し、クラウドERP、バックオフィスDX、ワークフローなどの最先端技術が一堂に会する。関西地域におけるバックオフィス業務のDX推進や実践的な知識を得る絶好の場となる。","https://www.japan-it.jp/dx/ja-jp/visit/office.html"
"","Japan DX & AX Week 関西展 - AI・業務自動化 展","2026/11/18","2026/11/20","インテックス大阪","","","AI・DX","関西地域最大級のAI・業務自動化 展。生成AI活用やAIエージェント、RPA、チャットボットなどのビジネス向けAIソリューションが出展し、業務効率化やコスト削減、属人化解消を検討する企業の課題解決をサポートします。最新サービスの比較検討や開発パートナーとの商談が一度に行える絶好の機会です。","https://www.japan-it.jp/dx/ja-jp/visit/ai.html"
"","Japan DX & AX Week 関西展 - AI時代の経営変革 EXPO","2026/11/18","2026/11/20","インテックス大阪","","","AI・DX","Japan DX & AX Week関西展の構成展であるAI時代の経営変革EXPOは、AIやデータを活用した経営戦略の転換を支援するソリューションが集結する専門展です。西日本の企業がAIを軸とした経営基盤を構築し、持続的な成長と競争力強化を実現するための最新システムや知見が提供されます。","https://www.japan-it.jp/dx/ja-jp/about.html"
"","Japan DX & AX Week 関西展 - BtoB EC・受発注DX EXPO","2026/11/18","2026/11/20","インテックス大阪","","","AI・DX","BtoB EC・受発注DX EXPO（関西展）は、Japan DX & AX Week 関西展を構成する企業間取引のデジタル化に特化した専門展です。企業間の受発注や請求業務、決済プロセスなどを効率化・自動化するシステムやプラットフォームが一堂に出展します。関西圏の企業間取引における商習慣のデジタルシフトを加速させ、業務コスト削減や新たな販路拡大を実現するための最新情報が集まります。","https://www.japan-it.jp/dx/ja-jp.html"
"","Japan DX & AX Week 関西展 - 現場DX EXPO","2026/11/18","2026/11/20","インテックス大阪","","","AI・DX・IoT・センサ","Japan DX & AX Week関西展の構成展である現場DX EXPOは、製造業や建設業、インフラなどの現場における業務効率化や安全確保のためのDXソリューションを集めた展示会です。関西地域の工場や倉庫などの現場が直面する労働力不足や技術継承などの課題に対し、IoTやデジタル技術を活用した解決策を提案します。","https://www.japan-it.jp/dx/ja-jp/about.html"
"","Japan DX & AX Week 関西展 - 社内業務DX EXPO","2026/11/18","2026/11/20","インテックス大阪","","","AI・DX","Japan DX & AX Week関西展の構成展である社内業務DX EXPOは、関西圏の企業におけるバックオフィスや社内手続きのデジタル化を推進するためのソリューションが一堂に会する展示会です。業務プロセスの見直しや情報共有の円滑化を通じて、組織全体の生産性向上を実現するさまざまなサービスが紹介されます。","https://www.japan-it.jp/dx/ja-jp/about.html"
"","Japan Home Show & Building Show 2026","2026/11/18","2026/11/20","東京ビッグサイト","","","AI・DX","建築・住宅・設備分野の日本最大級展示会。建設DX、スマートハウス、建材・設備ソリューションが集結する。","https://www.jma.or.jp/homeshow/tokyo/"
"","Japan IT Week 関西 - 組込み・エッジAI EXPO","2026/11/18","2026/11/20","インテックス大阪","","","AI・DX・IoT・センサ","インテックス大阪で開催されるJapan IT Week 関西内の組込み・エッジAI EXPOは、エッジAIや組込みシステム開発に特化した専門展示会です。製品価値を左右する中核技術であるリアルタイム処理や省電力技術、画像認識AIなどのソリューションが多数出展されます。西日本エリアにおける業界関係者同士の効率的な情報収集やネットワーキング、新たなビジネス構築に大きく貢献します。","https://www.japan-it.jp/it/ja-jp/visit/esec.html"
"","Japan IT Week2026","2026/11/18","2026/11/20","インテックス大阪","","","AI・DX・IoT・センサ・セキュリティ・スマートシティ・自治体DX","関西最大級のIT総合展。ソフトウェア開発、AI、情報セキュリティ、社内DX、クラウド、データ活用など幅広いITソリューションが集結する。","https://www.japan-it.jp/it/ja-jp.html"
"","SAMPE Japan 先端材料技術展 2026","2026/11/18","2026/11/20","東京ビッグサイト","","","その他IT","CFRPなどの複合材料や航空宇宙・自動車向け先端材料技術を展示。軽量化や高強度化を実現する製造技術が集まる。","https://biz.nikkan.co.jp/eve/sampe/"
"","SMART ENERGY WEEK2026","2026/11/18","2026/11/20","インテックス大阪","","","AI・DX・IoT・センサ","太陽光発電、二次電池、スマートグリッド、水素エネルギーなどを扱う西日本最大級の新エネルギー総合展。GX・エネルギーインフラ分野の最新技術が集まる。","https://www.wsew.jp/osaka/ja-jp.html"
"","SMART GRID EXPO2026","2026/11/18","2026/11/20","インテックス大阪","","","無線・通信・IoT・センサ・スマートシティ・自治体DX","次世代電力ネットワーク、VPP、EMS、蓄電技術などを対象とする専門展。社会インフラ分野のデジタル化を推進する技術が集まる。","https://www.wsew.jp/hub/ja-jp/about/sg.html"
"","VACUUM 2026 真空展","2026/11/18","2026/11/20","東京ビッグサイト","","","IoT・センサ","半導体、電子部品、先端材料製造を支える真空技術総合展。真空装置や計測機器、分析技術を展示する。","https://biz.nikkan.co.jp/eve/vacuum/"
"","オフィス防災EXPO 大阪","2026/11/18","2026/11/20","インテックス大阪","","","スマートシティ・自治体DX","企業・自治体向けの防災、BCP対策、防災設備・サービスの専門展。","https://www.office-expo.jp/hub/ja-jp/about/bousai.html"
"","サステナブル経営WEEK2026","2026/11/18","2026/11/20","インテックス大阪","","","AI・DX・スマートシティ・自治体DX","脱炭素経営、ESG、GHG算定、サプライチェーン管理など企業のサステナブル経営を支援する展示会。GX推進や経営DXに関連するソリューションを展示。","https://www.decarbonization-expo.jp/osaka/ja-jp.html"
"","スマートファクトリーJapan 2026","2026/11/18","2026/11/20","東京ビッグサイト","","","AI・DX・IoT・センサ・ドローン・ロボット","製造業DXに特化した展示会。AI、IoT、デジタルツイン、ロボット、物流・SCM技術などによるスマート工場化を提案する。","https://biz.nikkan.co.jp/eve/smart-factory/"
"","ビルメンヒューマンフェア＆クリーンEXPO 2026","2026/11/18","2026/11/20","東京ビッグサイト","","","AI・DX・ドローン・ロボット","ビル管理・清掃業界向け専門展示会。清掃ロボット、設備管理システム、省エネ・施設管理ソリューションなどを紹介する。","https://www.jma.or.jp/BMCL/"
"","マーケティングWeek 大阪 2026","2026/11/18","2026/11/20","インテックス大阪","","","AI・DX","マーケティング、CRM、EC、デジタル広告、販促支援技術が集まるBtoB展示会。データ活用やAIを用いた顧客分析ソリューションも出展される。","https://www.marketing-week.jp/osaka/ja-jp.html"
"","国際熱エネルギー展（I-TEX JAPAN）","2026/11/18","2026/11/20","インテックス大阪","","","スマートシティ・自治体DX","産業用熱利用の脱炭素化をテーマとした新設展示会。熱の生成・回収・制御に関する設備やソリューションを対象とする。","https://www.wsew.jp/hub/ja-jp/about/tex.html"
"","第11回 アジア・ファニシング・フェア 2026","2026/11/18","2026/11/20","東京ビッグサイト","","","AI・DX","アジアの家具・インテリアメーカーが集う専門見本市。建築・商業施設向け空間提案や家具ソリューションを紹介する。","https://www.aff-fair.com/"
"","第11回 ドリンク ジャパン","2026/11/18","2026/11/20","東京ビッグサイト","","","IoT・センサ","飲料・液状食品の研究開発・製造技術専門展。検査装置、充填設備、包装技術などが出展される。","https://www.drinkjapan.jp/ja-jp.html"
"","第3回 建築ソフト・DX・業務サポート展","2026/11/18","2026/11/20","東京ビッグサイト","","","AI・DX","建築の現場と業務を支える、デジタルとAIの活用提案製品が一堂に会する展示会","https://www.jma.or.jp/homeshow/tokyo/"
"","第7回 食品工場の自動化・DX 展","2026/11/18","2026/11/20","東京ビッグサイト","","","AI・DX・ドローン・ロボット","食品工場の生産効率化・省力化、人手不足に繋がる自動化・DXソリューションが出展","https://www.foodtechjapan.jp/tokyo/ja-jp/about/ftech.html"
"","総務・人事・経理Week（RX Japan）","2026/11/18","2026/11/20","インテックス大阪","","","AI・DX","バックオフィス部門向けのDX、業務効率化サービスを集めた展示会。経営課題や働き方改革に対応する。","https://www.office-expo.jp/kansai/ja-jp.html"
"","脱炭素経営 EXPO - 関西展","2026/11/18","2026/11/20","インテックス大阪","","","IoT・センサ","脱炭素経営を実現するための専門展であり、ゼロカーボンコンサルやGHG排出量見える化、コーポレートPPA、省エネソリューションなどあらゆる脱炭素ソリューションが出展する日本最大の展示会です。企業の経営者や経営企画、ESG・サステナブル部門などが多数来場し、ビジネスを加速させるプラットフォームとなっています。","https://www.decarbonization-expo.jp/hub/ja-jp/about/dcm.html"
"","食品工場 Week 東京 - 安全対策・作業環境改善","2026/11/18","2026/11/20","東京ビッグサイト","","","AI・DX・ドローン・ロボット","食品工場の安全対策や労働環境の改善に特化した専門展です。安全装置や保護具に加え、AI監視カメラ、アシストスーツ、各種デジタルツールなど、現場の労働災害防止や従業員の安全・健康を守りつつ業務効率を高める革新的な製品やサービスが出展されます。","https://www.foodtechjapan.jp/tokyo/ja-jp.html"
"","食品工場 Week 東京 - 工場の自動化・DX","2026/11/18","2026/11/20","東京ビッグサイト","","","AI・DX・IoT・センサ・ドローン・ロボット","食品工場の自動化やDXをテーマにした専門展です。AIやIoT、FAシステム、産業ロボット、省力機器・マテハン、AGV、充填・包装機械など、生産現場の課題解決や効率化に貢献する最新の技術や製品が一堂に出展し、食品・飲料メーカーの導入検討や商談を強力にサポートします。","https://www.foodtechjapan.jp/tokyo/ja-jp.html"
"","食品工場 Week 東京 - 衛生管理・HACCP","2026/11/18","2026/11/20","東京ビッグサイト","","","AI・DX・セキュリティ","食品工場の衛生管理やHACCP対応に特化した専門展です。AIを活用した外観検査をはじめ、クリーンウェア、監視カメラ、洗浄・殺菌技術、防虫対策など、安全・安心な食品製造を実現するための最先端の技術や設備が多数出展し、関連企業の課題解決ニーズに対応します。","https://www.foodtechjapan.jp/tokyo/ja-jp.html"
"","食品工場 Week 東京 2026","2026/11/18","2026/11/20","東京ビッグサイト","","","AI・DX・IoT・センサ・ドローン・ロボット","食品工場向け自動化・DX・衛生管理・冷凍物流技術を展示する専門展。AGVやロボット、食品物流DXなど製造現場の効率化技術が集結する。","https://www.foodtechjapan.jp/tokyo/ja-jp.html"
"","高精度・難加工技術展／表面改質展2026","2026/11/18","2026/11/20","東京ビッグサイト","","","IoT・センサ","高精度加工、難削材加工、表面処理技術を扱う専門展示会。自動車・航空宇宙・医療機器製造向け技術を紹介する。","https://biz.nikkan.co.jp/eve/hds/"
"","TECH Biz EXPO 2026（次世代ものづくり基盤技術産業展）","2026/11/19","2026/11/20","ポートメッセなごや","","","IoT・センサ・ドローン・ロボット","次世代製造技術や産業機器を扱う中部地区の産業展示会。ロボット、計測、先端製造技術分野の企業が出展する。","https://www.techbizexpo.com/"
"","保育博","2026/11/19","2026/11/20","東京都立産業貿易センター浜松町館","","","無線・通信","保育園・幼稚園・こども園の経営者、理事長、園長と直接商談できる「保育博」。","https://hoikuhaku.jp.messefrankfurt.com/tokyo/ja.html"
"","建設技術フェア2026 in 中部","2026/11/19","2026/11/20","ポートメッセなごや","","","無線・通信・AI・DX","建設・土木分野の最新技術を紹介する専門展示会。ICT施工、インフラ維持管理、建設DXなどの技術展示が中心。","https://kgf-chubu.com/"
"","第14回中部ライフガードTEC2026","2026/11/19","2026/11/20","ポートメッセなごや","","","AI・DX","防災・減災に関する最新技術や製品、サービスを紹介する専門展示会です。","https://lifeguardtec.com/"
"","第15回次世代ものづくり基盤技術産業展2026","2026/11/19","2026/11/20","ポートメッセなごや","","","AI・DX・IoT・センサ","次世代ものづくり基盤技術産業展2026は、製造業の未来を支える先端技術やものづくり基盤技術が一堂に会する展示会です。IoTやAI、ロボットをはじめとする最新ソリューションが集結し、中部地域の産業界の発展とモノづくりの高度化、DX推進を強力にサポートします。技術革新や生産性向上を目指す多くのビジネス関係者が訪れ、新たなパートナーシップやビジネスマッチングが生まれる重要な場となっています。","https://www.techbizexpo.com/"
"","第1回 【営業・マーケ・DX推進】AIエージェントDXPO東京’26【秋】","2026/11/19","2026/11/20","有明GYM-EX","","","AI・DX","営業・マーケティング部門の属人化解消や業務効率化を推進する最新AIエージェントに特化した展示会です。AIを活用したソリューションが紹介されます。","https://dxpo.jp/real/fox/tokyo2/aiagent/"
"","第2回 IT・情シスDXPO東京’26【秋】","2026/11/19","2026/11/20","有明GYM-EX","","","AI・DX・セキュリティ","システム開発、セキュリティ対策、IT人材育成など、IT部門や情報システム部門のDX推進を支援する展示会です。関連する最新技術やサービスが集まります。","https://dxpo.jp/real/fox/tokyo2/system/"
"","第3回 EC・通販DXPO東京’26【秋】","2026/11/19","2026/11/20","有明GYM-EX","","","AI・DX","EC・通販事業のビジネス拡大と業務効率化を支援するための展示会です。最新のECプラットフォーム、物流ソリューション、マーケティングツールなどが紹介されます。","https://dxpo.jp/real/fox/tokyo2/store/"
"","第3回 営業・マーケDXPO東京’26【秋】","2026/11/19","2026/11/20","有明GYM-EX","","","AI・DX","第3回 営業・マーケDXPO東京’26【秋】は、売上アップ・販売促進・DX推進のための展示会です。","https://dxpo.jp/real/fox/tokyo2/sales/"
"","FOOD CROSS HOKKAIDO 2026","2026/11/25","2026/11/25","札幌コンベンションセンター","","","AI・DX","北海道経済産業局が、FOOD CROSS HOKKAIDO 2026において、「バイオものづくり×フードテックブース」への出展者を募集しています。これは、食の未来を創造するイベントで、関連技術の展示や商談の機会が期待できます。","https://hokkaido-foodtech2026.com/"
"","POWTEX 国際粉体工業展","2026/11/25","2026/11/27","東京ビッグサイト","","","その他IT","粉体技術に特化した国内最大級の専門展示会。粉粒体の製造、搬送、計測、解析、プロセス制御技術が集まり、製造業・化学産業の技術交流の場となる。","https://powtex.com/tokyo/"
"","[名古屋] ファクトリーイノベーション Week - スマート工場 EXPO","2026/11/25","2026/11/27","Aichi Sky Expo","","","AI・DX・IoT・センサ・ドローン・ロボット","スマート工場 EXPOは、製造業向けIoT、AI、FA・ロボットなど生産効率化を実現する最新技術が一堂に出展する中部最大級の展示会です。遠隔監視や予兆保全、見える化ソリューション、デジタルツイン、生産管理システムなど、製造革新をもたらす先進的な製品やサービスが多数集結します。AIやDXを活用した現場の効率化やスマート化を推進するための商談・情報収集の場として、多くの製造業関係者が来場します。","https://www.fiweek.jp/nagoya/ja-jp/about/sfe.html"
"","イベントJAPAN2026（第17回）","2026/11/25","2026/11/27","東京ビッグサイト","","","AI・DX","イベント運営、集客、販促、デジタル演出、イベントテクノロジーなどを対象とした専門展示会。自治体や企業のプロモーション・集客施策に関する製品・サービスが出展する。","https://www.intercross-com.co.jp/event-japan/"
"","オートモーティブ ワールド 名古屋 - EV・HV・FCV技術展","2026/11/25","2026/11/27","Aichi Sky Expo","","","IoT・センサ","電動化車両の開発に特化した専門展示会であり、e-AxleやX in 1を進化させるモータ、インバータ、電池技術などが一堂に集結します。次世代自動車の普及に向けた最新テクノロジーが紹介され、自動車業界のエンジニアにとって重要な情報収集とビジネスづくりの場となります。","https://www.automotiveworld.jp/nagoya/ja-jp.html"
"","オートモーティブ ワールド 名古屋 - SDV EXPO","2026/11/25","2026/11/27","Aichi Sky Expo","","","AI・DX","ソフトウェア・ディファインド・ビークル（SDV）およびソフトウェアの開発効率化を強力に支援する専門技術展です。クルマのデジタル化やコネクティッド化に不可欠なソフトウェアソリューションや最新の開発環境、関連サービスが出展し、業界の注目を集めています。","https://www.automotiveworld.jp/nagoya/ja-jp.html"
"","オートモーティブ ワールド 名古屋 - [国際]カーエレクトロニクス技術展","2026/11/25","2026/11/27","Aichi Sky Expo","","","IoT・センサ","オートモーティブ ワールド 名古屋内で開催されるカーエレクトロニクス技術に関する専門展示会です。ECUやE/Eアーキテクチャなど、クルマの電子化に必須となる最先端の半導体、電子部品、材料が一堂に出展し、中部・近畿地方の自動車メーカーやサプライヤーとの活発な商談や技術相談が行われます。","https://www.automotiveworld.jp/nagoya/ja-jp.html"
"","オートモーティブ ワールド 名古屋 - クルマの設計・開発DX展","2026/11/25","2026/11/27","Aichi Sky Expo","","","AI・DX","自動車業界における設計や開発のデジタルトランスフォーメーション（DX）をテーマにした専門展です。開発期間の短縮や品質向上に寄与する各種デジタルツール、モデルベース開発などの先進的なソリューションが一堂に展示され、エンジニアの業務効率化に貢献します。","https://www.automotiveworld.jp/nagoya/ja-jp.html"
"","ファクトリーイノベーション Week - ロボデックス -ロボット開発・活用展-","2026/11/25","2026/11/27","Aichi Sky Expo","","","AI・DX・ドローン・ロボット","中部・近畿地方のロボットユーザーやメーカーが出展するロボット開発・活用の専門展。産業用ロボット、AGV、アシストスーツをはじめ、センサや周辺設備、フィジカルAIまで最新の自動化技術が一堂に集結します。製造業の現場効率化や自動化を推進する経営層や技術者にとって、最適な製品やパートナーと出会える貴重なビジネスの場となっています。同時開催展も含め多数の最新ソリューションが展示されます。","https://www.fiweek.jp/nagoya/ja-jp/about/robo.html"
"","レジャー&アウトドアジャパン2026","2026/11/25","2026/11/27","東京ビッグサイト","","","AI・DX","アトラクション、屋内レジャー、グランピング、集客施設向けソリューションが集まる専門展示会。レジャー施設運営や体験型サービスの高度化に関する商談の場として開催される。","https://leisure-japan.jp/"
"","北海道スマート農業SUMMIT2026","2026/11/25","2026/11/25","札幌コンベンションセンター","","","AI・DX・IoT・センサ・スマートシティ・自治体DX","北海道スマート農業SUMMIT2026は、最先端のITやIoT技術を活用したスマート農業の普及と発展を目指すイベントです。農業分野における人手不足の解消や生産性向上のための最新ソリューション、ドローンやロボット技術、データ活用に関する講演や展示が行われ、一次産業の未来を切り拓くための情報発信と関係者間の活発な交流が行われる重要な場となります。","https://www.sora-scc.jp/event/"
"","ケミカルマテリアル Japan 2026","2026/11/26","2026/11/27","東京ビッグサイト","","","AI・DX","先端材料、化学物質管理、プロセス産業DX、産業安全をテーマとする化学産業向け展示会。研究開発部門と製造現場をつなぐ最新ソリューションが紹介される。","https://www.chemmate.jp/"
"","ハイウェイテクノフェア 2026","2026/11/26","2026/11/27","東京ビッグサイト","","","無線・通信・AI・DX・IoT・センサ・スマートシティ・自治体DX","高速道路関連技術・維持管理技術の総合展示会。インフラ点検、センシング、防災、交通管制、通信ネットワークなど道路インフラの高度化に関する技術を展示する。","https://www.express-highway.or.jp/hwtf/htf2026/"
"","賃貸住宅フェア 2026大阪","2026/11/26","2026/11/27","インテックス大阪","","","AI・DX","不動産管理会社・賃貸住宅オーナー向けのBtoB展示会。不動産テックや業務DX、管理効率化サービスなどをテーマに最新ソリューションが紹介される。","https://zenchin-fair.com/"
"","COMNEXT 第4回 次世代 通信技術＆ソリューション展 - ネットワーク設備・配線施工 World","2026/12/02","2026/12/04","東京ビッグサイト","","","無線・通信","ネットワーク設備・配線施工 Worldは、ネットワーク工事や構築、ネットワークインテグレーター、保守・運用・測定などの企業・製品が出展する専門展です。通信インフラを支える確実な配線技術や効率的なネットワーク設備に関する最新のソリューションを比較・検討できる場を提供します。","https://www.cbw-expo.jp/"
"","COMNEXT 第4回 次世代 通信技術＆ソリューション展 - リモートオペレーション EXPO","2026/12/02","2026/12/04","東京ビッグサイト","","","AI・DX・IoT・センサ","リモートオペレーション EXPOは、遠隔操作や遠隔監視、自動化、省人化を実現するための技術・ソリューションが一堂に会する専門展示会です。人手不足が深刻化する各産業において、通信技術を基盤としたリモートワークや遠隔制御の最新トレンドを発信し、多くの企業関係者が来場します。","https://www.cbw-expo.jp/"
"","COMNEXT 第4回 次世代 通信技術＆ソリューション展 - 光電融合 World","2026/12/02","2026/12/04","東京ビッグサイト","","","無線・通信","光電融合 Worldは、次世代通信技術＆ソリューション展COMNEXT内で開催される専門展示会です。シリコンフォトニクス、異種材料集積、CPOモジュールなど、最先端の光電融合技術に特化した製品やソリューションが一堂に会し、国内外から多くの技術者やバイヤーが来場して活発な商談が行われます。","https://www.cbw-expo.jp/ja-jp.html"
"","COMNEXT 第4回［次世代］通信技術＆ソリューション展","2026/12/02","2026/12/04","東京ビッグサイト","","","無線・通信・AI・DX・IoT・センサ","RX Japan主催の次世代通信技術専門展。光通信、高周波技術、ネットワーク設備、ローカル5G、AI・IoT、映像伝送などを網羅する国際商談展。","https://www.cbw-expo.jp/"
"","JAPAN BUILD - 住宅DX展","2026/12/02","2026/12/04","東京ビッグサイト","","","AI・DX","JAPAN BUILDの構成展として開催される住宅DX展は、住宅業界のデジタル化や業務効率化を実現するためのITツール、AI・DXソリューション、管理システムなどが一堂に会する専門展示会です。ハウスメーカーや工務店、リフォーム会社などの関係者が多数来場し、最新のテクノロジーを活用した住宅ビジネスの変革や生産性向上について情報収集や商談を行える重要な場となっています。","https://www.japan-build.jp/hub/ja-jp/exhibit/jdx.html"
"","JAPAN BUILD - 建設DX展","2026/12/02","2026/12/04","東京ビッグサイト","","","AI・DX・IoT・センサ・ドローン・ロボット","建設DX展は、BIM、CIM、CAD、建設業向けAI、工程・図面管理システム、ICT建機・遠隔操作、測量機器・ドローン、建設ロボットなど、建設業のDX技術が一堂に出展する専門展示会です。ゼネコンやサブコン、設計事務所などの業界関係者が多数来場し、業務効率化や生産性向上のための最新技術やソリューションの導入を検討する絶好の場となっています。","https://www.japan-build.jp/hub/ja-jp/about/kdx.html"
"","JAPAN BUILD TOKYO - スマートホーム EXPO","2026/12/02","2026/12/04","東京ビッグサイト","","","IoT・センサ・セキュリティ","建築・土木・不動産の先端技術展であるJAPAN BUILD TOKYO内で開催される専門展示会。IoT住宅設備、スマートロック、セキュリティ設備、HEMS、ホームネットワーク、ZEH設備などが世界中から一堂に出展し、住宅分野における最新のスマート化や省エネ技術に関する商談が行われる重要なビジネスの場となっています。","https://www.japan-build.jp/tokyo/ja-jp.html"
"","JAPAN BUILD TOKYO - マンション経営・管理支援 EXPO","2026/12/02","2026/12/04","東京ビッグサイト","","","AI・DX","建築・土木・不動産の先端技術展であるJAPAN BUILD TOKYO内で開催される展示会。マンション設備をはじめ、経営や管理を効率化するための各種支援システム、最新のリノベーション技術、土地活用サービスなどが出展され、マンション管理組合や不動産オーナー、管理会社に向けた実践的なソリューションが紹介されます。","https://www.japan-build.jp/tokyo/ja-jp.html"
"","JAPAN BUILD TOKYO - 不動産テック EXPO","2026/12/02","2026/12/04","東京ビッグサイト","","","AI・DX","建築・土木・不動産の先端技術展であるJAPAN BUILD TOKYOを構成する専門展示会の一つ。不動産会社向けのAI価格査定、電子契約、仲介支援システム、集客支援ツール、管理業務支援システムなど、不動産業務の効率化や新たな価値創造を実現する最先端のITサービスやソリューションが一堂に集結します。","https://www.japan-build.jp/tokyo/ja-jp.html"
"","JAPAN BUILD TOKYO - 住宅DX展","2026/12/02","2026/12/04","東京ビッグサイト","","","AI・DX","建築・土木・不動産の先端技術展であるJAPAN BUILD TOKYOの構成展の一つ。工務店向けのDXソリューション、施工管理システム、集客・営業支援システムなど、住宅産業のデジタル化を推進する最新のIT製品やサービスが一堂に会し、業務効率化や売上拡大を目指す専門家が多数来場して活発な商談が行われます。","https://www.japan-build.jp/tokyo/ja-jp.html"
"","JAPAN BUILD 建築・土木・不動産の先端技術展 - 住宅DX展","2026/12/02","2026/12/04","東京ビッグサイト","","","AI・DX","住宅DX展は、工務店や住宅メーカー向けDXソリューション、住宅CAD、施工管理システム、顧客管理システムなどが出展する専門展示会です。業務効率化や集客・営業支援を目的としたデジタル技術が一堂に会し、業界の専門家が多数来場します。先進的なITツールの導入による生産性向上や働き方改革を推進するための商談・情報交換の場として、毎年多くの関係者が参加しています。","https://www.japan-build.jp/hub/ja-jp/about/jdx.html"
"","JAPAN BUILD 建築・土木・不動産の先端技術展 - 建物の脱炭素 EXPO","2026/12/02","2026/12/04","東京ビッグサイト","","","AI・DX・IoT・センサ・スマートシティ・自治体DX","建物の脱炭素 EXPOは、CO2見える化やEV充電設備、省エネ空調などのGX・脱炭素ソリューションが一堂に会する専門展示会です。オフィスビルや工場、マンションなどの施設オーナーや管理会社、住宅メーカー、ゼネコンなどが多数来場し、活発な商談や最新トレンドに関するセミナーが開催されます。","https://www.japan-build.jp/hub/ja-jp/about/gx.html"
"","JAPAN BUILD －建築・土木・不動産の先端技術展－ - スマートホーム EXPO","2026/12/02","2026/12/04","東京ビッグサイト","","","IoT・センサ・セキュリティ","スマートホーム EXPOは、IoT住宅設備やスマートロック、セキュリティ設備、HEMS、ホームネットワーク、ZEH設備などが一堂に出展する専門展です。住宅の先端技術やスマート化に関する最新ソリューションが集結し、建築・不動産業界の専門家による活発な商談が行われます。","https://www.japan-build.jp/"
"","JAPAN BUILD－建築・土木・不動産の先端技術展 - スマートビルディング EXPO","2026/12/02","2026/12/04","東京ビッグサイト","","","AI・DX・IoT・センサ・セキュリティ・ドローン・ロボット","スマートビルディング EXPOは、ビル向けIoT、BEMS、BAS、警備ロボット、省エネ空調、ビル管理システムなどが出展するスマートビルの専門展示会です。ゼネコン、サブコン、ビル管理会社、ビルオーナーなどが多数来場し、業界動向や先進的な取り組み、製品・事例を紹介するセミナーも同時開催されます。","https://www.japan-build.jp/hub/ja-jp/about/sbd.html"
"","JAPAN BUILD－建築・土木・不動産の先端技術展 - 不動産テック EXPO","2026/12/02","2026/12/04","東京ビッグサイト","","","AI・DX・IoT・センサ・セキュリティ","不動産会社向けのAI価格査定、電子契約、仲介支援システム、集客支援、管理業務支援ツール、スマートロック、ホームステージングなどが出展する不動産テックの専門展示会です。業務効率化や顧客獲得、人手不足解消といった課題を抱える不動産仲介・管理会社などの来場が見込まれます。東京ビッグサイトにて2026年12月に開催され、業界動向や各社の取組みを紹介するセミナーも同時開催されます。","https://www.japan-build.jp/hub/ja-jp/about/ret.html"
"","JAPAN BUILD－建築・土木・不動産の先端技術展 - 建材・設備 EXPO","2026/12/02","2026/12/04","東京ビッグサイト","","","AI・DX","JAPAN BUILD内で開催される建材・設備 EXPOでは、断熱材、遮熱塗料、屋根材、床材などの先端建材や住宅設備が一堂に会します。設計事務所、工務店、住宅メーカーなどが多数来場し、業界の最新トレンドや製品・技術の商談が行われる専門展示会です。","https://www.japan-build.jp/hub/ja-jp/about/kz.html"
"","JAPAN BUILD－建築・土木・不動産の先端技術展－ - 建物リニューアル EXPO","2026/12/02","2026/12/04","東京ビッグサイト","","","セキュリティ・ドローン・ロボット","建物リニューアル EXPOは、非住宅向け建材や大規模修繕、空間デザインに加え、ドローン外壁診断やセキュリティ設備、防災設備などが出展する専門展示会です。設計・施工会社や施設オーナー、ビル管理会社などが多数来場し、最新の技術やソリューションについての情報交換が行われます。","https://www.japan-build.jp/hub/ja-jp/about/rnv.html"
"","MONO×TECH","2026/12/02","2026/12/04","インテックス大阪","","","AI・DX・IoT・センサ","製造業向け先端技術、DX、計測・生産技術関連企業が出展。","https://monotech.nikkan.co.jp/"
"","RoboNext","2026/12/02","2026/12/04","インテックス大阪","","","ドローン・ロボット","ロボット技術、自動化設備、次世代製造ソリューションを対象とする専門展。","https://robonext.nikkan.co.jp/"
"","SDGs Week EXPO 2026（エコプロ2026）","2026/12/02","2026/12/04","東京ビッグサイト","","","AI・DX・スマートシティ・自治体DX","持続可能な社会の実現をテーマとする大規模展示会。官公庁・自治体・企業によるGX、DX、地域活性化、環境技術などの取り組みを紹介する。","https://messe.nikkei.co.jp/sdgs/"
"","ものづくりNEXT（ものづくり ワールド［福岡］内）","2026/12/02","2026/12/04","マリンメッセ福岡","","","AI・DX・ドローン・ロボット","自動化・省人化・AI活用をテーマとした専門展。","https://www.manufacturing-world.jp/hub/ja-jp/about/next.html"
"","サーキュラーパートナーシップEXPO 2026","2026/12/02","2026/12/04","東京ビッグサイト","","","AI・DX","循環経済（サーキュラーエコノミー）の社会実装を推進する専門展示会。製造業、流通、物流、リサイクル事業者が連携する新たなビジネスモデルを提案する。","https://messe.nikkei.co.jp/cp/"
"","スマートビルディング EXPO","2026/12/02","2026/12/04","東京ビッグサイト","","","AI・DX・IoT・センサ・ドローン・ロボット・スマートシティ・自治体DX","ビルIoT、BEMS、警備ロボット等の専門展。","https://www.japan-build.jp/hub/ja-jp/about/sbd.html"
"","スマートホーム EXPO","2026/12/02","2026/12/04","東京ビッグサイト","","","無線・通信・IoT・センサ","JAPAN BUILD構成展。IoT住宅設備、ホームネットワーク等を展示。","https://www.japan-build.jp/hub/ja-jp/about/home.html"
"","スマートメンテナンス展（ものづくり ワールド［福岡］内）","2026/12/02","2026/12/04","マリンメッセ福岡","","","AI・DX・IoT・センサ","設備保全、点検、保守DXをテーマとした専門展。","https://www.manufacturing-world.jp/hub/ja-jp/about/maintenance.html"
"","リモートオペレーション EXPO","2026/12/02","2026/12/04","東京ビッグサイト","","","無線・通信・AI・DX・IoT・センサ・ドローン・ロボット","COMNEXT併催の新設展示会。遠隔操作・遠隔制御・センシング・映像伝送技術を中心に、自動化・省人化を実現するソリューションを紹介する。","https://www.cbw-expo.jp/ja-jp/about/rem.html"
"","不動産テック EXPO","2026/12/02","2026/12/04","東京ビッグサイト","","","AI・DX","AI査定、電子契約など不動産DXソリューションの専門展。","https://www.japan-build.jp/hub/ja-jp/about/ret.html"
"","住宅DX展","2026/12/02","2026/12/04","東京ビッグサイト","","","AI・DX","工務店向けDX、施工管理、住宅VR等の専門展。","https://www.japan-build.jp/hub/ja-jp/about/jdx.html"
"","半導体工場 設備・運用展（九州 半導体ワールド in 福岡内）","2026/12/02","2026/12/04","マリンメッセ福岡","","","AI・DX・IoT・センサ","半導体工場のDX、運用支援、保全、スマート操業を扱う専門展。 ※リンク先は上記展示会と同じ","https://www.manufacturing-world.jp/hub/ja-jp/about/kyushu-semiconductor-world.html"
"","半導体装置 開発展（九州 半導体ワールド in 福岡内）","2026/12/02","2026/12/04","マリンメッセ福岡","","","IoT・センサ","半導体製造装置向け部材・加工技術・計測機器の専門展。","https://www.manufacturing-world.jp/hub/ja-jp/about/kyushu-semiconductor-world.html"
"","工場設備・備品展（ものづくり ワールド［福岡］内）","2026/12/02","2026/12/04","マリンメッセ福岡","","","AI・DX・スマートシティ・自治体DX","工場設備、物流機器、安全・防災製品などの専門展。","https://www.manufacturing-world.jp/hub/ja-jp/about/factex.html"
"","建材・設備 EXPO","2026/12/02","2026/12/04","東京ビッグサイト","","","その他IT","JAPAN BUILD構成展。建材・設備・施工技術を展示。","https://www.japan-build.jp/hub/ja-jp/about/kz.html"
"","建物リニューアル EXPO","2026/12/02","2026/12/04","東京ビッグサイト","","","ドローン・ロボット・スマートシティ・自治体DX","非住宅改修、防災設備、ドローン診断技術を展示。","https://www.japan-build.jp/hub/ja-jp/about/rnv.html"
"","建設DX展","2026/12/02","2026/12/04","東京ビッグサイト","","","無線・通信・ドローン・ロボット","BIM/CIM、ICT建機、測量機器、建設ロボットの専門展。","https://www.japan-build.jp/hub/ja-jp/exhibit/kdx.html"
"","機械要素技術展（ものづくり ワールド［福岡］内）","2026/12/02","2026/12/04","マリンメッセ福岡","","","その他IT","機械部品・加工技術・表面処理技術の専門展。","https://www.manufacturing-world.jp/hub/ja-jp/about/mtech.html"
"","第11回 JAPAN BUILD TOKYO","2026/12/02","2026/12/04","東京ビッグサイト","","","AI・DX・IoT・センサ","建設・不動産業界向け総合展示会。建設DX、スマートビル、BIM、IoT活用、建築ソフトウェアなど建設業のデジタル変革に関する製品・サービスが集結する。","https://www.japan-build.jp/"
"","第1回 ホスピタリティテックEXPO","2026/12/02","2026/12/04","有明GYM-EX","","","AI・DX・ドローン・ロボット","ホスピタリティ産業の課題を一挙に解決するAI/DX/ロボット技術の専門展。","https://www.hospitality-show.jp/tokyo/ja-jp.html"
"","第48回 国際画像機器展","2026/12/02","2026/12/04","パシフィコ横浜","","","AI・DX・IoT・センサ","画像処理、マシンビジョン、センシング、計測機器などの専門展示会。","https://www.adcom-media.co.jp/ite/"
"","第4回 ものづくりワールド［福岡］","2026/12/02","2026/12/04","マリンメッセ福岡","","","IoT・センサ","製造業向けの展示会で、様々な製造技術や製品が集まります。広島県共同ブースとして出展企業が募集されています。","https://www.manufacturing-world.jp/kyushu/ja-jp.html"
"","製造業DX展（ものづくり ワールド［福岡］内）","2026/12/02","2026/12/04","マリンメッセ福岡","","","AI・DX・IoT・センサ","製造・生産・品質・調達などのDXソリューション専門展。","https://www.manufacturing-world.jp/hub/ja-jp/about/mdx.html"
"","製造業×フィジカルAI展（ものづくり ワールド［福岡］内）","2026/12/02","2026/12/04","マリンメッセ福岡","","","AI・DX・IoT・センサ・ドローン・ロボット","AIロボティクス、センシング技術、制御AIを扱う専門展。","https://www.manufacturing-world.jp/hub/ja-jp/about/physicalai.html"
"","計測・検査・センサ展（ものづくり ワールド［福岡］内）","2026/12/02","2026/12/04","マリンメッセ福岡","","","IoT・センサ","計測機器・検査機器・センサ関連技術の専門展。","https://www.manufacturing-world.jp/hub/ja-jp/about/mts.html"
"","設計・製造ソリューション展（ものづくり ワールド［福岡］内）","2026/12/02","2026/12/04","マリンメッセ福岡","","","AI・DX","CAD/CAE、生産管理、設計DXソリューション展。","https://www.manufacturing-world.jp/hub/ja-jp/about/dms.html"
"","高精度・難加工技術展","2026/12/02","2026/12/04","インテックス大阪","","","IoT・センサ","高精度加工技術、加工設備、計測・品質管理関連技術を展示。","https://biz.nikkan.co.jp/eve/hds/"
"","SEMICON Japan 2026","2026/12/09","2026/12/11","東京ビッグサイト","","","AI・DX・IoT・センサ","半導体製造サプライチェーンを網羅する日本最大級の専門展示会。製造装置、検査・計測機器、先端パッケージ、車載・IoT向け半導体技術などを扱う。","https://www.semiconjapan.org/jp"
"","イプロスAI-産業World 2026","2026/12/09","2026/12/10","東京国際フォーラム","","","AI・DX・IoT・センサ","AI、産業DX、IoTに関する最新技術やソリューションが集まる展示会です。産業界のデジタルトランスフォーメーションを推進する製品・サービスが展示されます。","https://ex.ipros.jp/expo/iprosai-2026-12/"
"","フィジカルAI/ロボットゾーン（イプロスAI-産業World 2026 構成展）","2026/12/09","2026/12/10","東京国際フォーラム","","","AI・DX・ドローン・ロボット","AI搭載ロボットや自律型重機・ドローン、センシング技術などを展示。","https://ex.ipros.jp/expo/iprosai-2026-12/"
"","建設・建築業向け AI/DX展（イプロスAI-産業World 2026 構成展）","2026/12/09","2026/12/10","東京国際フォーラム","","","AI・DX","建設・建築分野向けAI/DX展示会。設計DX、BIM/CIM、建設IoT、現場可視化などを紹介。","https://ex.ipros.jp/expo/iprosai-2026-12/"
"","製造業向け AI/DX展（イプロスAI-産業World 2026 構成展）","2026/12/09","2026/12/10","東京国際フォーラム","","","AI・DX・IoT・センサ","製造業向けAI/DX展示会。生成AI、AIエージェント、生産性向上、物流可視化、トレーサビリティ管理等を展示。","https://ex.ipros.jp/expo/iprosai-2026-12/"
"","AI-SEL 2026 冬（物流AX 導入・推進展）","2026/12/16","2026/12/17","東京ビッグサイト","","","AI・DX・ドローン・ロボット","物流現場の自動化・省人化をテーマとする専門展示会。AI活用、物流ロボット、搬送システムなどを紹介する。","https://eight-event.8card.net/eightexpo/ai-sel/"
"","CONVERTECH 2027","2026/12/16","2026/12/18","東京ビッグサイト","","","IoT・センサ","塗工、ラミネート、フィルム加工、機能性材料などコンバーティング産業向け展示会。先端製造技術や加工装置、検査・計測技術が出展される。","https://www.mfg.cj-exhibition.com/"
"","ENEX 2027","2026/12/16","2026/12/18","東京ビッグサイト","","","AI・DX・IoT・センサ","省エネルギー・エネルギーマネジメント技術の総合展示会。エネルギー利用最適化、設備監視、データ活用、スマートエネルギー関連技術を展示する。","https://www.low-cf.jp/east/index.html"
"","Eight EXPO 2026 冬","2026/12/16","2026/12/17","東京ビッグサイト","","","AI・DX","Sansan主催のBtoB展示会。AI、営業DX、物流AX、製造AX、フィジカルAIなど企業のデジタル変革を支援するソリューションが集まる。","https://eight-event.8card.net/eightexpo/"
"","InterAqua 2027","2026/12/16","2026/12/18","東京ビッグサイト","","","AI・DX・IoT・センサ","水処理・水資源管理に関する専門展示会。監視システム、分析計測機器、水処理設備など社会インフラ向け技術を紹介する。","https://www.interaqua.jp/"
"","MEMSセンシング＆ネットワークシステム展 2026","2026/12/16","2026/12/18","東京ビッグサイト","","","無線・通信・IoT・センサ・ドローン・ロボット","MEMS、センサー、ネットワークシステム技術の専門展示会。IoT、医療、ロボット、車載、農業分野への応用技術を紹介する。","https://www.optojapan.jp/mems/ja/"
"","Offshore Tech Japan 2027","2026/12/16","2026/12/18","東京ビッグサイト","","","無線・通信・AI・DX・スマートシティ・自治体DX","洋上開発、海洋エネルギー、海洋インフラ技術を対象とした専門展示会。海洋構造物、監視システム、関連インフラ技術を扱う。","https://www.low-cf.jp/east/"
"","PHAISE 2026 冬（フィジカルAI実装戦略展）","2026/12/16","2026/12/17","東京ビッグサイト","","","AI・DX・ドローン・ロボット","フィジカルAIとロボティクス活用をテーマとした展示会。産業現場での自律制御・自動化技術の実装事例を紹介する。","https://eight-event.8card.net/eightexpo/phaise/"
"","SURTECH 2026 表面技術要素展","2026/12/16","2026/12/18","東京ビッグサイト","","","IoT・センサ","めっき、塗装、熱処理、表面改質、洗浄、試験・測定技術を扱う表面処理専門展。製造業向けの高機能加工技術や品質管理技術が紹介される。","https://www.surtech.jp/"
"","TCT Japan 2027","2026/12/16","2026/12/18","東京ビッグサイト","","","IoT・センサ・ドローン・ロボット","3Dプリンティングおよびアディティブマニュファクチャリング専門展。設計、シミュレーション、測定、後処理までAM工程全体をカバーする。","https://www.tctjapan.jp/"
"","nano tech 2026（第26回 国際ナノテクノロジー総合展・技術会議）","2026/12/16","2026/12/18","東京ビッグサイト","","","AI・DX・IoT・センサ","ナノテクノロジーを基盤に、先端材料、次世代デバイス、分析・計測技術、研究開発DXを扱う国際展示会。研究機関・大学・製造業が多数参加する。","https://www.nanotechexpo.jp/"
"","nano tech 2027（第26回 国際ナノテクノロジー総合展・技術会議）","2026/12/16","2026/12/18","東京ビッグサイト","","","AI・DX・IoT・センサ","ナノ材料、微細加工、分析計測、量子技術、バイオ技術を扱う国際展示会。先端材料・次世代デバイス・医療応用分野の研究開発成果が集まる。","https://nanotechexpo.jp/"
"","【AI-PAX 2026 冬】第4回 AIの実践的な活用展","2026/12/16","2026/12/17","東京ビッグサイト","","","AI・DX","AI初心者から上級者まで、一歩踏み出す展示会。 最新AIソリューションが集結！","https://eight-event.8card.net/eightexpo/ai-pax/?code=eightexpo202612_bigsight"
"","【AI-SEM 2026 冬】第1回 製造AX 導入・推進展","2026/12/16","2026/12/17","東京ビッグサイト","","","AI・DX","人手不足時代の製造現場を変える 製造AXソリューションが集結！","https://eight-event.8card.net/eightexpo/ai-sem/?code=eightexpo202612_bigsight"
"","【MSX 2026 冬】第7回 マーケソリューション 比較・導入展","2026/12/16","2026/12/17","東京ビッグサイト","","","AI・DX","マーケ成果を最大化する マーケAI、DXソリューションが集結！","https://eight-event.8card.net/eightexpo/msx/?code=eightexpo202612_bigsight"
"","【SDX 2026 冬】第7回 営業DX 比較・導入展","2026/12/16","2026/12/17","東京ビッグサイト","","","AI・DX","営業課題をまるごと解決。 営業DX、AIソリューションが集結","https://eight-event.8card.net/eightexpo/sdx/?code=eightexpo202612_bigsight"
"","新機能性材料展 2027","2026/12/16","2026/12/18","東京ビッグサイト","","","IoT・センサ","高機能材料や先端素材の研究開発・実用化をテーマとする専門展。エレクトロニクス、自動車、通信機器など幅広い産業用途向け材料技術を紹介する。","https://www.mfg.cj-exhibition.com/"
"","第10回Careテクノロジー東京’26（東京ケアウィーク’26内）","2026/12/16","2026/12/18","東京ビッグサイト","","","AI・DX・IoT・センサ・ドローン・ロボット","AI・IoT、ロボット、VRなど介護に役立つ先端テクノロジーが集結！","https://caretech.jp/"
"","コミックマーケット109（企業ブース）","2026/12/29","2026/12/31","東京ビッグサイト","","","AI・DX・映像・放送","コミックマーケット本体は同人誌即売会だが、企業ブースではXR・VR・AR・映像コンテンツ・メタバース関連企業の出展が行われる。コンテンツ産業向け最新技術・サービスの発表の場となる。","https://www.comiket.co.jp/"
"","JANOG59 Meeting","2027/01/20","2027/01/22","フェニックス・プラザ","","","無線・通信","","https://www.janog.gr.jp/"
"","JANOG59 Meeting","2027/01/20","2027/01/22","福井県福井市","","","無線・通信","JANOG59 Meetingは、日本国内のネットワーク技術者や運用者が集まり、インターネット技術や運用に関する課題、最新動向について議論・情報共有を行う国内最大級のミーティングです。今回は福井県福井市で開催され、本会議への参加費は無料となっています。多様なバックグラウンドを持つ参加者同士の活発な意見交換が行われます。","https://www.janog.gr.jp/"
"","AI World 2027 春 福岡","2027/02/16","2027/02/18","マリンメッセ福岡","","","AI・DX","ビジネス変革や業務効率化を加速させる最新のAIソリューションが一堂に集結する専門展示会です。チャットボット、機械学習、画像・音声認識、自然言語処理、AIデータ分析など、企業のDX推進や課題解決に役立つ最新技術やサービスを体験でき、多くのビジネスパーソンや決裁層が商談や情報収集を行う絶好の場となっています。","https://www.bizcrew.jp/expo/ai-fukuoka"
"","オートモーティブ ワールド - SDV EXPO","2027/02/17","2027/02/19","東京ビッグサイト","","","AI・DX","ソフトウェア・ディファインド・ビークル（SDV）およびソフトウェアの開発効率化を支援する専門技術展です。次世代の自動車開発に欠かせない最先端のソフトウェア技術やツールが出展され、業界関係者による活発な商談や情報交換が実施されます。","https://www.automotiveworld.jp/tokyo/ja-jp.html"
"","オートモーティブ ワールド - [国際]カーエレクトロニクス技術展","2027/02/17","2027/02/19","東京ビッグサイト","","","その他IT","オートモーティブ ワールド内で開催されるクルマの電子化に必須の半導体や電子部品・材料が出展する専門技術展です。ECUやE/Eアーキテクチャなどの最新技術が一堂に会し、自動車メーカーやサプライヤーとの活発な技術相談・商談が行われる重要な場となっています。","https://www.automotiveworld.jp/tokyo/ja-jp.html"
"","ファクトリーイノベーション Week - スマート工場 EXPO","2027/02/17","2027/02/19","東京ビッグサイト","","","AI・DX・IoT・センサ","ファクトリーイノベーション Week内で開催されるスマート工場 EXPOは、遠隔監視、予兆保全、ビッグデータ解析、技術継承など製造DXを実現する最新技術が一堂に出展する専門展です。製造業の生産性向上やデジタル化を加速するための多様なソリューションが集結し、業界関係者にとって絶好の商談・情報収集の場となります。","https://www.fiweek.jp/tokyo/ja-jp.html"
"","ファクトリーイノベーション Week - ロボデックス","2027/02/17","2027/02/19","東京ビッグサイト","","","ドローン・ロボット","ロボデックスは、工場や物流現場で活躍する産業用ロボット、AGV（無人搬送車）、AMR、およびロボット向けの部品や材料などが多数出展するロボット総合展です。自動化や省人化を推進するための最先端技術が集まり、製造・物流業界の課題解決に貢献する製品やサービスを直接比較・検討することができます。","https://www.fiweek.jp/tokyo/ja-jp.html"
"","ファクトリーイノベーション Week - ロボデックス - 製造・搬送の自動化展","2027/02/17","2027/02/19","東京ビッグサイト","","","IoT・センサ・ドローン・ロボット","ロボデックスは、工場や物流現場で活躍するロボットやAGV、ロボット向けの部品・材料などが出展する国内最大級のロボット総合展です。最新の産業用ロボット、協働ロボットから周辺機器、開発技術までが一堂に会し、製造・搬送の自動化やスマート化を実現するための商談・技術提案の場として、多くの製造業関係者が来場します。ファクトリーイノベーション Weekの構成展として同時開催されます。","https://www.fiweek.jp/tokyo/ja-jp/about/robo.html"
"","ファクトリーイノベーション Week - 工場 安全・環境改善 EXPO","2027/02/17","2027/02/19","東京ビッグサイト","","","その他IT","工場 安全・環境改善 EXPOは、ヘルメットや標識などの現場の安全対策から、シーリングファンや重量サポートといった労働環境改善のための製品・サービスが出展する新規開催の専門展です。働く人にとって安全で快適な工場環境を実現するための技術が集まります。","https://www.fiweek.jp/tokyo/ja-jp/about/sfe.html"
"","ファクトリーイノベーション Week - 製造業 人手不足対策 EXPO","2027/02/17","2027/02/19","東京ビッグサイト","","","AI・DX","製造業 人手不足対策 EXPOは、業界初となる製造人材の採用、教育、管理にかかわるサービスやソリューションが一堂に出展する専門展です。深刻化する製造業の人手不足やスキル継承の課題を解決するための多様なITサービスや人材ソリューションが提案されます。","https://www.fiweek.jp/tokyo/ja-jp/about/sfe.html"
"","ファクトリーイノベーション Week - 製造業カーボンニュートラル展","2027/02/17","2027/02/19","東京ビッグサイト","","","AI・DX・IoT・センサ・スマートシティ・自治体DX","製造業カーボンニュートラル展は、FEMS、CO2やエネルギーの見える化システム、再エネ、省エネ機器など、工場のカーボンニュートラルを実現するための最先端技術が出展する専門展です。環境負荷低減や持続可能な工場運営を目指す製造業関係者にとって不可欠なソリューションが一堂に会します。","https://www.fiweek.jp/tokyo/ja-jp/about/sfe.html"
"","JAPAN BUILD - 建設DX展＋（プラス）","2027/03/17","2027/03/19","東京ビッグサイト","","","AI・DX・IoT・センサ・ドローン・ロボット","建設DX展＋（プラス）は、建築・土木・不動産の先端技術展であるJAPAN BUILDの構成展として新たに開催される展示会です。建設業界のDX化を推進する最新のITツール、AI、BIM/CIM、ロボット、IoT技術などが集結し、現場の課題解決や生産性向上を目指す多くの関連企業や専門家が来場して活発な商談や情報交換を行います。","https://www.japan-build.jp/hub/ja-jp/about/kdx.html"
"","建設DX展 - 建設DX展＋（プラス）","2027/03/17","2027/03/19","東京ビッグサイト","","","AI・DX・IoT・センサ","建設DX展の新たな構成展として開催される「建設DX展＋（プラス）」は、建設業界のさらなるデジタル化や先進的なITソリューション、AI、IoT技術に特化した展示会です。現場の課題解決や業務効率化を推進する最新のプロダクトやサービスが集結し、業界関係者にとって重要な情報発信・商談の場となります。","https://www.japan-build.jp/hub/ja-jp/exhibit/kdx.html"
"","建設DX展＋（プラス）","2027/03/17","2027/03/19","東京ビッグサイト","","","AI・DX・IoT・センサ・ドローン・ロボット","建設DX展＋（プラス）は、建設業の業務効率化や生産性向上を実現するための最先端技術が集結する国内最大級の専門展です。会場では、BIM、CIM、CADをはじめとする設計・施工管理システムや、建設業向けのAI、工程・図面管理システムが多数出展されます。また、ICT建機・遠隔操作、測量機器・ドローン、3Dレーザースキャナー、建設ロボットなどの先進的なハードウェアも展示され、ゼネコンや設計事務所などの来場者と活発な商談が行われます。","https://www.japan-build.jp/tokyo-2/ja-jp.html"
"","サーキュラー・エコノミー EXPO [CE JAPAN] - 2027年春展","2027/03/24","2027/03/26","東京ビッグサイト","","","AI・DX・IoT・センサ","サーキュラー・エコノミー EXPOは、循環型経済やサステナブル経営を実現するための専門展です。サーキュラーデザインやサステナブルマテリアル、PaaS支援、AI・IoT・ブロックチェーンを活用した資源回収・リサイクル技術などが多数出展し、経営層や環境・DX推進部門などが来場して活発な商談が行われます。","https://www.decarbonization-expo.jp/hub/ja-jp/about/ce.html"
"","脱炭素経営 EXPO - 春展","2027/03/24","2027/03/26","東京ビッグサイト","","","IoT・センサ","脱炭素経営を実現するための専門展であり、ゼロカーボンコンサルやGHG排出量見える化、コーポレートPPA、省エネソリューションなどあらゆる脱炭素ソリューションが出展する日本最大の展示会です。企業の経営者や経営企画、ESG・サステナブル部門などが多数来場し、ビジネスを加速させるプラットフォームとなっています。","https://www.decarbonization-expo.jp/hub/ja-jp/about/dcm.html"
"","FOOD展 - FOOD-DX","","","東京ビッグサイト","","","AI・DX","デジタル変革が加速する食品業界においてプレゼンスを最大化するための戦略的企画エリア。栄養管理、衛生管理、設備管理、物流管理、惣菜製造などのデジタルソリューションが一堂に会し、現場の様々な課題を抱える企業との接点を創出することで、業界のデファクトスタンダード確立に向けた商談機会を提供します。","https://www.food-exhibition.info/guideline/"
"","FOOD展 - フードディストリビューション 物流ロボットゾーン","","","東京ビッグサイト","","","ドローン・ロボット","食品業界の製造から供給までを網羅する総合展示会「FOOD展」の構成展であるフードディストリビューション内の特設ゾーン。倉庫や物流センターにおける深刻な人手不足を解決するため、AGVやAMR、無人フォークリフト、各種ロボットなどの最新物流ソリューションが一堂に集結し、効率化や省人化に向けた活発な商談が行われます。","https://www.food-exhibition.info/guideline/"
"","Inter BEE 2026 - INTER BEE IGNITION × DCEXPO","","","幕張メッセ","","","AI・DX・映像・放送","コンテンツビジネスとプロフェッショナルのためのメディア総合展であるInter BEE内の企画。共創とAIが切り拓く新しいメディア時代をテーマに、最先端のコンテンツ、AI技術、ビジネスの次章を探る展示とセッションを展開する。","https://www.inter-bee.com/ja/"
"","JANOG60","","","沖縄県那覇市","","","その他IT","","https://www.janog.gr.jp/"
"","JAPAN BUILD - スマートビルディング EXPO","","","","","","AI・DX・IoT・センサ・セキュリティ・ドローン・ロボット","スマートビルディング EXPOは、ビル向けのIoT、BEMS、BAS、警備ロボット、省エネ空調、ビル管理システム、LED照明などが出展する次世代ビル技術の総合展示会です。不動産開発やビル管理の分野において、建物の高付加価値化や省人化、セキュリティ向上を実現するための最先端システムやロボット技術が一堂に会します。","https://www.japan-build.jp/hub/ja-jp/about/kdx.html"
"","JAPAN BUILD - スマートホーム EXPO","","","","","","AI・DX・IoT・センサ・セキュリティ・スマートシティ・自治体DX","スマートホーム EXPOは、住宅のスマート化を実現するためのIoT住宅設備、スマートロック、セキュリティ設備、HEMS、ホームネットワーク、ZEH設備などが出展する専門展示会です。ハウスメーカーや工務店、住宅事業者などが来場し、これからの住まいに求められる先進的なネットワーク機器やセキュリティシステムを一堂に比較検討することができます。","https://www.japan-build.jp/hub/ja-jp/about/kdx.html"
"","JAPAN BUILD - ビルメンテナンス EXPO","","","","","","AI・DX・ドローン・ロボット","ビルメンテナンス EXPOは、高圧洗浄機や清掃ロボット、ビルメンテナンス業務向けのDXソリューションなどが出展する専門展示会です。大阪などを中心に開催され、ビル管理や清掃業界の人手不足解消や作業効率化に貢献する最先端のロボット技術やデジタルツールを求めて、多くの専門事業者が来場して商談を行います。","https://www.japan-build.jp/hub/ja-jp/about/kdx.html"
"","JAPAN BUILD - マンション経営・管理支援 EXPO","","","","","","AI・DX","マンション経営・管理支援 EXPOは、マンション設備、経営・管理支援システム、リノベーション技術、土地活用サービスなどが出展する専門展示会です。マンション管理組合や管理会社、オーナーに向けて業務効率化のためのシステムや最新の経営支援ツールが多数出品され、持続可能なマンション経営を支える情報が提供されます。","https://www.japan-build.jp/hub/ja-jp/about/kdx.html"
"","JAPAN BUILD - 不動産テック EXPO","","","","","","AI・DX","不動産テック EXPOは、不動産会社向けに特化したAI価格査定、電子契約、仲介支援システム、集客支援、管理業務支援ツールなどが出展する専門展示会です。不動産業界における業務プロセスのデジタル化や生産性向上を強力にサポートする最先端のITサービスやソフトウェアが集まり、多くの不動産事業者が来場します。","https://www.japan-build.jp/hub/ja-jp/about/kdx.html"
"","JAPAN BUILD - 住宅DX展","","","","","","AI・DX","住宅DX展は、工務店や住宅会社向けに特化したDXソリューション、施工管理システム、集客・営業支援システムなどが出展する専門展示会です。住宅業界の業務効率化やデジタル化を加速させるための各種ITツールやクラウドサービスが集まり、ビジネスの成長や現場の省力化を目指す多くの経営者や実務担当者が情報収集に訪れます。","https://www.japan-build.jp/hub/ja-jp/about/kdx.html"
"","JAPAN BUILD - 建物の脱炭素 EXPO","","","","","","IoT・センサ","建物の脱炭素 EXPOは、建築物における環境負荷低減や省エネルギー化を支援するCO2見える化、EV充電設備、省エネ空調、LED照明、太陽光、蓄電池などが出展する専門展示会です。ビルオーナーや建設・不動産業界の関係者が多数来場し、脱炭素社会の実現に向けた最新の設備やシステム、技術の導入について活発な商談が行われます。","https://www.japan-build.jp/hub/ja-jp/about/kdx.html"
"","JAPAN BUILD - 建物リニューアル EXPO","","","","","","IoT・センサ・セキュリティ・ドローン・ロボット","建物リニューアル EXPOは、非住宅向けの建材・設備、大規模修繕、空間デザインに加え、ドローンを活用した外壁診断や防災設備などが出展する専門展示会です。既存建物の価値向上や長寿命化、安全性の確保を目的として、改修工事や最新の建物診断技術に関心を持つビルオーナーや管理会社などが情報収集のために来場します。","https://www.japan-build.jp/hub/ja-jp/about/kdx.html"
"","JAPAN BUILD－建築・土木・不動産の先端技術展 - 建物の脱炭素 EXPO","","","","","","IoT・センサ","建物の脱炭素 EXPOは、CO2見える化、EV充電設備、省エネ空調、LED照明、太陽光、蓄電池、断熱材などが出展する専門展です。建築物の環境性能向上や省エネルギー化に貢献する最先端の設備・サービスが集まり、業界関係者の注目を集めています。","https://www.japan-build.jp/hub/ja-jp/about/sbd.html"
"","JAPAN BUILD－建築・土木・不動産の先端技術展－ - スマートビルディング EXPO","","","","","","AI・DX・IoT・センサ・ドローン・ロボット・スマートシティ・自治体DX","スマートビルディング EXPOは、次世代ビル管理やスマート化技術に特化した展示会です。ビル向けIoT、BEMS、BAS、警備ロボット、省エネ空調、ビル管理システムなどが出展します。不動産オーナーやビル管理会社に向けて、建物の効率運営と省エネルギー化を実現する高度なソリューションが提案されます。","https://www.japan-build.jp/hub/ja-jp/about/bmt.html"
"","JAPAN BUILD－建築・土木・不動産の先端技術展－ - スマートホーム EXPO","","","","","","IoT・センサ・セキュリティ","スマートホーム EXPOは、住宅の先端技術に特化した専門展示会です。IoT住宅設備、スマートロック、セキュリティ設備、HEMS、ホームネットワーク、ZEH設備などが一堂に会します。住宅メーカーや建築関係者が多数来場し、最新のスマートホーム技術に関する商談や情報交換が活発に行われる重要な業界プラットフォームとなっています。","https://www.japan-build.jp/hub/ja-jp/about/bmt.html"
"","JAPAN BUILD－建築・土木・不動産の先端技術展－ - ビルメンテナンス EXPO","","","インテックス大阪","","","AI・DX・ドローン・ロボット","高圧洗浄機、清掃ロボット、ビルメンテナンス向けのDXソリューションなどが出展する専門展です。大阪で開催され、現場の省人化や業務効率化に寄与する最新のロボット技術やデジタルツールが多数紹介されます。","https://www.japan-build.jp/hub/ja-jp/about/cm.html"
"","JAPAN BUILD－建築・土木・不動産の先端技術展－ - マンション経営・管理支援 EXPO","","","","","","AI・DX","マンション経営・管理支援 EXPOは、マンション管理や経営をサポートする製品・サービスが一堂に会する専門展です。マンション設備、経営・管理支援システム、リノベーション技術、土地活用サービスなどが出展します。管理組合やマンションオーナー、管理会社に向けた効率的な運営管理ツールが紹介されます。","https://www.japan-build.jp/hub/ja-jp/about/bmt.html"
"","JAPAN BUILD－建築・土木・不動産の先端技術展－ - 不動産テック EXPO","","","","","","AI・DX","不動産テック EXPOは、不動産業界の業務変革を支援するITソリューションの専門展です。AI価格査定、電子契約、仲介支援システム、集客支援、管理業務支援ツールなどが出展します。不動産会社の生産性向上やデジタル化を加速させるための革新的なサービスやシステムが一堂に会する商談展です。","https://www.japan-build.jp/hub/ja-jp/about/bmt.html"
"","JAPAN BUILD－建築・土木・不動産の先端技術展－ - 住宅DX展","","","","","","AI・DX","住宅DX展は、住宅業界のデジタル化を促進するための専門展示会です。工務店向けDXソリューション、施工管理システム、集客・営業支援システムなどが出展します。住宅ビジネスの効率化や生産性向上を目指す事業者が多数来場し、業務改善に直結する最新のITツールやシステムを比較検討できる貴重な場です。","https://www.japan-build.jp/hub/ja-jp/about/bmt.html"
"","JAPAN BUILD－建築・土木・不動産の先端技術展－ - 建物リニューアル EXPO","","","","","","ドローン・ロボット","建物リニューアル EXPOは、既存建物の改修や大規模修繕に関する技術を集めた専門展示会です。非住宅向け建材や設備に加え、ドローン外壁診断や防災設備なども出展します。建物の長寿命化や安全管理に向けた先進的な点検技術やリニューアル手法に関心を持つ多くの専門家が来場します。","https://www.japan-build.jp/hub/ja-jp/about/bmt.html"
"","JAPAN BUILD－建築・土木・不動産の先端技術展－ - 建設DX展","","","","","","AI・DX・IoT・センサ・ドローン・ロボット","建設DX展は、建設業界の業務効率化やデジタル化を推進するための日本最大級の専門展示会です。BIM、CIM、CAD、ICT建機、現場管理・工程管理システム、測量機器、建設ロボットなどが出展します。人手不足が深刻化する建設現場の課題解決に向けた最先端のIT技術やロボットが集結します。","https://www.japan-build.jp/hub/ja-jp/about/bmt.html"
"","e-messe kanazawa 2027","","","","","","IoT・センサ","e-messe kanazawa 2027は、ICT関連企業によるICTやIoTの利活用促進、新たなビジネス提案、新製品の展示などを通して地域の情報化推進に寄与することを目的として開催される総合的な展示会です。開催日の決定やキャッチコピーの発表など、2027年の次回開催に向けた準備が進められており、北陸地域における最先端のIT技術やソリューションが一堂に会する貴重なビジネス交流の場となっています。","https://www.e-messe.jp/"
"","オートモーティブ ワールド [秋] - EV・HV・FCV技術展 [秋]","","","幕張メッセ","","","IoT・センサ","電動化の中核となるe-Axle、X in 1を進化させるモータ、インバータ、電池技術など、EV・HV・FCVの開発に欠かせない最新技術やソリューションが一堂に出展する専門展です。世界中の自動車メーカーやサプライヤーとの活発な技術相談・商談が行われ、次世代モビリティの発展に大きく貢献する重要な展示会です。","https://www.automotiveworld.jp/autumn/ja-jp.html"
"","オートモーティブ ワールド [秋] - SDV EXPO [秋] -車載ソフトウェア開発展-","","","幕張メッセ","","","AI・DX・セキュリティ","日欧米の主要団体が集結し、SDV（ソフトウェア・ディファインド・ビークル）を実現するための最新ソフトウェア技術や車載OS、セキュリティ対策に関するソリューションが世界中から集結する専門展です。自動車のソフトウェア化が進む中、次世代の車載開発をリードする技術者が多数来場します。","https://www.automotiveworld.jp/autumn/ja-jp.html"
"","オートモーティブ ワールド [秋] - クルマの設計・開発DX展 [秋]","","","幕張メッセ","","","AI・DX","自動車開発におけるAI、ソフトウェア、DXツールを活用して開発プロセスの短縮や効率化を実現するための最先端ソリューションが出展する専門展です。設計から開発までのデジタル変革を加速させるためのシステムやサービスが多数集まり、自動車産業全体の生産性向上を強力にサポートします。","https://www.automotiveworld.jp/autumn/ja-jp.html"
"","ファクトリーイノベーション Week [秋] - スマート工場 EXPO [秋]","","","幕張メッセ","","","AI・DX・IoT・センサ・ドローン・ロボット","幕張メッセにて開催されるファクトリーイノベーション Week [秋]を構成するスマート工場 EXPO [秋]。DXや予兆保全、遠隔監視などによる生産効率化のための専門展示会であり、生成AIやフィジカルAI、生産管理システム、ロボット、IoTソリューションなど最先端の技術やサービスが一堂に集結します。製造業のデジタル化やスマート工場化を推進する絶好の商談・情報収集の場となります。","https://www.fiweek.jp/autumn/ja-jp.html"
"","ファクトリーイノベーション Week [秋] - ロボデックス [秋]","","","幕張メッセ","","","AI・DX・ドローン・ロボット","幕張メッセで開催されるファクトリーイノベーション Week [秋]の構成展であるロボデックス [秋]。製造・搬送現場における自動化・省人化をテーマにした専門展示会であり、産業用ロボット、AGV・AMR、人型ロボット、フィジカルAI、マシンビジョンなど最先端のロボティクス技術や自動化ソリューションが出展されます。人手不足に悩む製造業の現場力強化に大きく貢献する重要な展示会です。","https://www.fiweek.jp/autumn/ja-jp.html"
"","人とくるまのテクノロジー展 NAGOYA","","","Aichi Sky Expo","","","AI・DX・IoT・センサ","自動車技術会が主催するモビリティ分野の技術展。自動車メーカーや部品サプライヤーに加え、IT・ソフトウェア関連企業が集結し、自動運転やコネクテッド、モビリティDXを支える最新技術・製品が紹介される。最先端技術や車両の展示、企画講演、研究発表会など多彩なコンテンツが実施され、自動車産業に関わる設計・開発・研究者が多数参加する情報交換の場となっている。","https://aee.expo-info.jsae.or.jp/ja/nagoya/"
"","人とくるまのテクノロジー展 YOKOHAMA","","","","","","AI・DX・IoT・センサ","公益社団法人自動車技術会が主催する、自動車およびモビリティ分野における国内最大級の技術展示会。自動車メーカーや部品サプライヤーに加え、IT・ソフトウェア企業など多彩な企業が集結し、モビリティの未来を支える最新技術や製品を展示する。会場では車両展示をはじめ特別企画展示や各種技術講演、モビリティDXイノベーションステージなど先進技術に触れられる多彩なコンテンツが展開される。","https://aee.expo-info.jsae.or.jp/ja/yokohama/"
"","防犯防災総合展2027 - セキュリティ・防犯・警備","","","","","","AI・DX・IoT・センサ・セキュリティ・ドローン・ロボット","防犯防災総合展2027内のセキュリティ・防犯・警備ゾーンでは、ネットワークカメラ、監視カメラ、AIセンサー、情報発信ツール、各種アプリケーション、ドローン、入退室管理システム、金属探知機、車両侵入防止ゲート、画像解析システム、警備・巡回ロボットなど、最新の安全・セキュリティ技術が一堂に会します。サイバー対策から物理セキュリティ、AIやロボットを活用した高度な防犯・監視ソリューションまで幅広く出展されます。","https://www.bohanbosai.jp/"
"","防犯防災総合展2027 - 情報漏洩・通信対策","","","","","","セキュリティ","防犯防災総合展2027内における情報漏洩・通信対策に関連する構成展です。ランサムウェア対策、ウイルス対策、ハッキング防御、脆弱性診断、情報漏洩防止対策に加え、データバックアップやDR（ディザスタリカバリー）など、企業や組織のITインフラおよび重要データを守るための最新のセキュリティ製品やネットワーク保護技術、各種ソリューションが多数紹介されます。","https://www.bohanbosai.jp/"
